"id","word_en","word_de","part_of_speech","topic","status","correct_streak","times_seen","wrong_count","half_count","last_seen","last_result","difficulty","notes"
"seed-001","the responsibility","die Verantwortung","noun","arbeit","learning","1","1","0","0","2026-06-11","correct","B1","Used with Verantwortung übernehmen."
"seed-002","to negotiate","verhandeln","verb","arbeit","new","0","0","0","0","","","B2",""
"seed-003","the appointment","der Termin","noun","alltag","mastered","9","10","0","0","2026-06-21","correct","B1",""
"seed-004","to postpone","verschieben","verb","arbeit","mastered","4","5","1","0","2026-07-09","correct","B1",""
"seed-005","reliable","zuverlässig","adjective","arbeit","learning","1","2","0","0","2026-06-19","correct","B1",""
"seed-006","the colleague","der Kollege","noun","arbeit","learning","1","1","0","0","2026-06-11","correct","B1","Female: die Kollegin."
"seed-007","the application","die Bewerbung","noun","arbeit","learning","1","1","0","0","2026-06-11","correct","B1",""
"seed-008","the job posting","die Stellenausschreibung","noun","arbeit","new","0","0","0","0","","","B2",""
"seed-009","to apply","sich bewerben","verb","arbeit","learning","1","1","0","0","2026-06-11","correct","B1","Reflexive: ich bewerbe mich."
"seed-010","the salary","das Gehalt","noun","arbeit","learning","1","1","0","0","2026-06-11","correct","B1",""
"seed-011","the contract","der Vertrag","noun","arbeit","learning","1","1","0","0","2026-06-11","correct","B1",""
"seed-012","to sign","unterschreiben","verb","arbeit","learning","1","1","0","0","2026-06-11","correct","B1",""
"seed-013","the meeting","die Besprechung","noun","arbeit","learning","1","1","0","0","2026-06-11","correct","B1",""
"seed-014","the task","die Aufgabe","noun","arbeit","learning","2","2","0","0","2026-07-13","correct","B1",""
"seed-015","to finish","erledigen","verb","arbeit","mastered","4","7","2","0","2026-07-18","correct","B1",""
"seed-016","urgent","dringend","adjective","arbeit","learning","1","2","0","0","2026-07-18","correct","B1",""
"seed-017","the deadline","die Frist","noun","arbeit","learning","0","1","0","0","2026-07-18","correct","B2",""
"seed-018","the experience","die Erfahrung","noun","arbeit","mastered","3","4","1","0","2026-06-19","correct","B1",""
"seed-019","the skill","die Fähigkeit","noun","arbeit","learning","1","1","0","0","2026-06-12","correct","B1",""
"seed-020","to improve","verbessern","verb","arbeit","learning","1","1","0","0","2026-06-13","correct","B1",""
"seed-021","the apartment","die Wohnung","noun","alltag","mastered","9","8","0","0","2026-06-22","correct","B1",""
"seed-022","the rent","die Miete","noun","alltag","mastered","8","7","0","0","2026-06-27","correct","B1",""
"seed-023","the tenant","der Mieter","noun","alltag","mastered","3","7","1","0","2026-06-18","correct","B1","Female: die Mieterin."
"seed-024","the landlord","der Vermieter","noun","alltag","mastered","3","7","1","0","2026-07-02","wrong","B1","Female: die Vermieterin."
"seed-025","the heating","die Heizung","noun","haushalt","learning","2","4","0","0","2026-07-12","correct","B1",""
"seed-026","to vacuum","staubsaugen","verb","haushalt","learning","1","1","0","0","2026-06-13","correct","B1",""
"seed-027","the laundry","die Wäsche","noun","haushalt","learning","2","3","0","0","2026-07-12","correct","B1",""
"seed-028","to wash dishes","spülen","verb","haushalt","learning","1","1","0","0","2026-06-13","correct","B1",""
"seed-029","the garbage","der Müll","noun","haushalt","learning","2","2","0","0","2026-07-08","correct","A2",""
"seed-030","to throw away","wegwerfen","verb","haushalt","learning","1","1","0","0","2026-06-14","correct","B1",""
"seed-031","the grocery store","der Supermarkt","noun","alltag","learning","1","1","0","0","2026-06-15","correct","A2",""
"seed-032","the receipt","der Kassenzettel","noun","alltag","mastered","7","12","3","1","2026-07-08","correct","B1",""
"seed-033","the discount","der Rabatt","noun","alltag","learning","1","2","0","1","2026-06-04","correct","B1",""
"seed-034","to pay in cash","bar bezahlen","phrase","alltag","mastered","3","4","0","0","2026-07-13","correct","A2",""
"seed-035","the queue","die Schlange","noun","alltag","mastered","8","7","0","0","2026-07-09","wrong","B1",""
"seed-036","to wait","warten","verb","alltag","mastered","8","7","0","0","2026-06-22","correct","A2",""
"seed-037","annoying","nervig","adjective","gefühle","new","0","0","0","0","","","B1","Colloquial and useful."
"seed-038","exhausted","erschöpft","adjective","gefühle","learning","2","2","0","0","2026-07-09","correct","B1",""
"seed-039","worried","besorgt","adjective","gefühle","new","0","0","0","0","","","B1",""
"seed-040","relieved","erleichtert","adjective","gefühle","learning","2","2","0","0","2026-07-09","correct","B1",""
"seed-041","embarrassing","peinlich","adjective","gefühle","new","0","0","0","0","","","B1",""
"seed-042","the mood","die Stimmung","noun","gefühle","new","0","0","0","0","","","B1",""
"seed-043","the fear","die Angst","noun","gefühle","learning","1","4","1","2","2026-06-15","correct","A2",""
"seed-044","to trust","vertrauen","verb","gefühle","new","0","0","0","0","","","B1",""
"seed-045","the train station","der Bahnhof","noun","transport","learning","1","3","0","1","2026-06-18","correct","A2",""
"seed-046","the platform","der Bahnsteig","noun","transport","mastered","3","9","4","0","2026-06-21","correct","B1",""
"seed-047","the delay","die Verspätung","noun","transport","learning","2","3","0","0","2026-07-08","correct","B1",""
"seed-048","the replacement bus","der Ersatzbus","noun","transport","learning","0","1","0","0","2026-06-08","correct","B2",""
"seed-049","to change trains","umsteigen","verb","transport","learning","1","2","0","0","2026-06-08","correct","B1",""
"seed-050","to miss the train","den Zug verpassen","phrase","transport","new","0","0","0","0","","","B1",""
"seed-051","the ticket machine","der Fahrkartenautomat","noun","transport","new","0","0","0","0","","","B1",""
"seed-052","the monthly pass","die Monatskarte","noun","transport","new","0","0","0","0","","","B1",""
"seed-053","the bike lane","der Fahrradweg","noun","transport","new","0","0","0","0","","","B1",""
"seed-054","the intersection","die Kreuzung","noun","transport","new","0","0","0","0","","","B1",""
"seed-055","the health insurance","die Krankenversicherung","noun","gesundheit","new","0","0","0","0","","","B2",""
"seed-056","the appointment with a doctor","der Arzttermin","noun","gesundheit","learning","2","5","0","1","2026-07-11","correct","B1",""
"seed-057","the prescription","das Rezept","noun","gesundheit","mastered","3","6","2","0","2026-07-12","correct","B1","Also means recipe."
"seed-058","the pharmacy","die Apotheke","noun","gesundheit","learning","1","3","0","0","2026-07-08","half","A2",""
"seed-059","the pain","der Schmerz","noun","gesundheit","new","0","0","0","0","","","B1",""
"seed-060","to cough","husten","verb","gesundheit","mastered","3","6","1","0","2026-07-09","correct","A2",""
"seed-061","the fever","das Fieber","noun","gesundheit","learning","1","4","1","0","2026-06-18","correct","A2",""
"seed-062","sick leave","die Krankschreibung","noun","gesundheit","new","0","0","0","0","","","B2",""
"seed-063","to recover","sich erholen","verb","gesundheit","new","0","0","0","0","","","B1",""
"seed-064","dizzy","schwindelig","adjective","gesundheit","new","0","0","0","0","","","B1",""
"seed-065","the authority office","die Behörde","noun","behörden","new","0","0","0","0","","","B2",""
"seed-066","the registration office","das Bürgeramt","noun","behörden","new","0","0","0","0","","","B1",""
"seed-067","the registration","die Anmeldung","noun","behörden","new","0","0","0","0","","","B1",""
"seed-068","the residence permit","der Aufenthaltstitel","noun","behörden","new","0","0","0","0","","","B2",""
"seed-069","the document","das Dokument","noun","behörden","new","0","0","0","0","","","B1",""
"seed-070","the form","das Formular","noun","behörden","new","0","0","0","0","","","B1",""
"seed-071","to fill out","ausfüllen","verb","behörden","mastered","4","4","0","0","2026-07-09","correct","B1",""
"seed-072","to submit","einreichen","verb","behörden","mastered","4","4","0","0","2026-07-09","correct","B2",""
"seed-073","valid","gültig","adjective","behörden","mastered","3","3","0","0","2026-07-09","correct","B1",""
"seed-074","the proof","der Nachweis","noun","behörden","new","0","0","0","0","","","B2",""
"seed-075","the leisure time","die Freizeit","noun","freizeit","new","0","0","0","0","","","B1",""
"seed-076","the hike","die Wanderung","noun","freizeit","new","0","0","0","0","","","B1",""
"seed-077","to relax","sich entspannen","verb","freizeit","new","0","0","0","0","","","B1",""
"seed-078","the club","der Verein","noun","freizeit","new","0","0","0","0","","","B1",""
"seed-079","the exhibition","die Ausstellung","noun","freizeit","learning","1","1","0","0","2026-07-08","correct","B1",""
"seed-080","to take part","teilnehmen","verb","freizeit","new","0","0","0","0","","","B1",""
"seed-081","the invitation","die Einladung","noun","freizeit","learning","1","3","0","1","2026-06-27","correct","B1",""
"seed-082","to cancel","absagen","verb","alltag","mastered","3","3","0","0","2026-07-09","correct","B1",""
"seed-083","to agree","zustimmen","verb","abstrakt","new","0","0","0","0","","","B1",""
"seed-084","to disagree","widersprechen","verb","abstrakt","new","0","0","0","0","","","B2",""
"seed-085","the opinion","die Meinung","noun","abstrakt","new","0","0","0","0","","","B1",""
"seed-086","the decision","die Entscheidung","noun","abstrakt","new","0","0","0","0","","","B1",""
"seed-087","the solution","die Lösung","noun","abstrakt","learning","1","2","0","0","2026-07-17","correct","B1",""
"seed-088","the reason","der Grund","noun","abstrakt","new","0","0","0","0","","","B1",""
"seed-089","the advantage","der Vorteil","noun","abstrakt","new","0","0","0","0","","","B1",""
"seed-090","the disadvantage","der Nachteil","noun","abstrakt","new","0","0","0","0","","","B1",""
"seed-091","to avoid","vermeiden","verb","abstrakt","new","0","0","0","0","","","B1",""
"seed-092","to compare","vergleichen","verb","abstrakt","mastered","3","6","2","0","2026-07-12","correct","B1",""
"seed-093","to depend on","abhängen von","phrase","abstrakt","new","0","0","0","0","","","B1",""
"seed-094","probably","wahrscheinlich","adverb","alltag","learning","1","1","0","0","2026-06-04","correct","B1",""
"seed-095","anyway","sowieso","adverb","alltag","learning","1","1","0","0","2026-06-04","correct","B1",""
"seed-096","meanwhile","inzwischen","adverb","alltag","learning","2","3","1","0","2026-06-05","correct","B1",""
"seed-097","at least","mindestens","adverb","alltag","mastered","3","16","5","0","2026-07-08","correct","B1",""
"seed-098","especially","besonders","adverb","alltag","mastered","6","11","3","0","2026-07-05","correct","B1",""
"seed-099","although","obwohl","conjunction","abstrakt","new","0","0","0","0","","","B1",""
"seed-100","therefore","deshalb","adverb","abstrakt","new","0","0","0","0","","","B1",""
"seed-101","despite that","trotzdem","adverb","abstrakt","learning","1","1","0","0","2026-07-13","correct","B1",""
"seed-102","to forget","vergessen","verb","alltag","learning","1","1","0","0","2026-06-06","correct","A2",""
"seed-103","to remember","sich erinnern","verb","alltag","mastered","6","9","2","0","2026-07-05","correct","B1",""
"seed-104","to decide","sich entscheiden","verb","abstrakt","learning","2","4","1","0","2026-07-16","correct","B1",""
"seed-105","to offer","anbieten","verb","alltag","mastered","5","10","3","0","2026-06-20","correct","B1",""
"seed-106","to complain","sich beschweren","verb","alltag","mastered","5","8","3","0","2026-06-14","correct","B1",""
"seed-107","the complaint","die Beschwerde","noun","alltag","learning","2","5","1","0","2026-06-20","correct","B1",""
"seed-108","the environment","die Umwelt","noun","abstrakt","new","0","0","0","0","","","B1",""
"seed-109","the waste separation","die Mülltrennung","noun","haushalt","new","0","0","0","0","","","B2",""
"seed-110","the neighborhood","die Nachbarschaft","noun","alltag","learning","1","2","0","1","2026-06-05","correct","B1",""
"seed-111","the accident","der Unfall","noun","transport","new","0","0","0","0","","","B1",""
"seed-112","the insurance","die Versicherung","noun","alltag","mastered","3","6","1","0","2026-06-18","correct","B1",""
"seed-113","the damage","der Schaden","noun","alltag","mastered","4","16","5","2","2026-06-24","correct","B1",""
"seed-114","to repair","reparieren","verb","haushalt","learning","1","2","0","0","2026-06-24","correct","B1",""
"seed-115","broken","kaputt","adjective","haushalt","mastered","5","5","0","0","2026-07-09","correct","A2",""
"seed-116","the tool","das Werkzeug","noun","haushalt","mastered","3","5","1","1","2026-06-24","correct","B1",""
"seed-117","careful","vorsichtig","adjective","alltag","mastered","4","14","6","0","2026-06-19","correct","B1",""
"seed-118","necessary","notwendig","adjective","abstrakt","new","0","0","0","0","","","B1",""
"seed-119","possible","möglich","adjective","abstrakt","new","0","0","0","0","","","B1",""
"seed-120","available","verfügbar","adjective","arbeit","new","0","0","0","0","","","B2",""
"seed-121","the requirement","die Voraussetzung","noun","arbeit","new","0","0","0","0","","","B2",""
"seed-122","the training","die Weiterbildung","noun","arbeit","new","0","0","0","0","","","B2",""
"seed-123","self-employed","selbstständig","adjective","arbeit","new","0","0","0","0","","","B2",""
"seed-124","the invoice","die Rechnung","noun","arbeit","learning","1","2","0","0","2026-07-13","correct","B1","Also means bill."
"seed-125","the bank transfer","die Überweisung","noun","alltag","learning","2","4","1","0","2026-07-13","correct","B1",""
"seed-126","the account","das Konto","noun","alltag","learning","1","3","0","1","2026-06-15","correct","B1",""
"seed-127","to withdraw money","Geld abheben","phrase","alltag","learning","2","3","1","0","2026-06-06","correct","B1",""
"f089709e-2eb8-4bde-acdc-496005851bd7","the workplace","der Arbeitsplatz","noun","arbeit","mastered","3","0","0","0","","","B1",""
"8cd0a075-126e-4afb-8d4b-9d0ac66de56c","the working hours","die Arbeitszeit","noun","arbeit","mastered","3","1","0","0","2026-07-16","correct","B1",""
"seed-130","part-time work","die Teilzeit","noun","arbeit","mastered","3","3","1","0","2026-06-18","correct","B1",""
"4943c500-f027-4b12-96ba-9aa06bab9bb4","full-time work","die Vollzeit","noun","arbeit","mastered","3","0","0","0","","","B1",""
"c2ee5af7-1243-4926-bd5d-f41824b9217e","the probation period","die Probezeit","noun","arbeit","mastered","3","0","0","0","","","B1",""
"6fb64e5f-44e7-4677-a399-8259e75acc45","the resignation","die Kündigung","noun","arbeit","mastered","3","0","0","0","","","B1",""
"aca8dd59-cc04-45cc-9775-06d232b7b3ba","the promotion","die Beförderung","noun","arbeit","mastered","3","0","0","0","","","B1",""
"fd6c98c7-c333-4417-b8aa-c573b51d9bce","the department","die Abteilung","noun","arbeit","mastered","3","0","0","0","","","B1",""
"24559a6c-78b1-437c-8707-b0b3347358e7","the team","das Team","noun","arbeit","mastered","3","1","0","0","2026-06-19","correct","B1",""
"149fa081-51a2-4738-96aa-55884dd10667","the supervisor","der Vorgesetzte","noun","arbeit","mastered","3","0","0","0","","","B1",""
"e45f3549-6194-4092-80cd-c8bf2759b517","the boss","der Chef","noun","arbeit","new","0","0","0","0","","","B1","Female: die Chefin."
"4a902f4e-8c44-4152-b0c2-2a6608f0d015","the employee","der Mitarbeiter","noun","arbeit","mastered","3","0","0","0","","","B1","Female: die Mitarbeiterin."
"80f58873-b98a-4f68-83bd-b2ef17982abd","the employer","der Arbeitgeber","noun","arbeit","mastered","3","0","0","0","","","B1",""
"47f066a9-0e79-44c9-9263-b256d92b50c2","the employee as worker","der Arbeitnehmer","noun","arbeit","mastered","3","0","0","0","","","B1",""
"32a15da8-6684-401f-8a6a-698189ffaabd","the shift","die Schicht","noun","arbeit","mastered","3","0","0","0","","","B1",""
"d3cf92fd-3ccd-4257-94e2-11b886e33048","the break","die Pause","noun","arbeit","new","0","0","0","0","","","B1",""
"16159706-8707-4a31-9b9e-1d2178ffc1e6","the project","das Projekt","noun","arbeit","mastered","3","0","0","0","","","B1",""
"fec68005-a4a3-4e19-afb9-d9073b41f780","the customer","der Kunde","noun","arbeit","new","0","0","0","0","","","B1","Female: die Kundin."
"c5a2aa4b-8658-49a3-b881-7c043dbc7b71","the client","der Auftraggeber","noun","arbeit","mastered","3","0","0","0","","","B1","Female: die Auftraggeberin."
"a56bd966-6431-4a10-ac3b-68243f0905ff","the order","der Auftrag","noun","arbeit","mastered","3","0","0","0","","","B1",""
"c32b44a1-27d5-4391-a40a-ee750d891a61","the presentation","die Präsentation","noun","arbeit","mastered","3","0","0","0","","","B1",""
"6811ea91-d762-4ff3-bcb4-e7bb299eaf60","the feedback","das Feedback","noun","arbeit","new","0","0","0","0","","","B1",""
"e6091cdc-53d0-4b8a-ba30-0ace8a6c73e6","the email","die E-Mail","noun","arbeit","mastered","3","1","0","0","2026-06-30","correct","B1",""
"662e7ba0-0263-4ce1-bb75-76356042329a","the message","die Nachricht","noun","arbeit","new","0","0","0","0","","","B1",""
"a73d343e-2e19-4452-b796-cac53965a750","the phone call","der Anruf","noun","arbeit","mastered","3","0","0","0","","","B1",""
"a4fe0456-d767-4096-a614-5a122d6b5e3d","the call","das Telefonat","noun","arbeit","mastered","3","0","0","0","","","B1",""
"0eadbd51-4842-4191-9530-aceca86bcd63","the office","das Büro","noun","arbeit","new","0","0","0","0","","","B1",""
"8924afba-7501-4da1-b48a-fafd964355e6","the home office","das Homeoffice","noun","arbeit","new","0","0","0","0","","","B1",""
"7209d92b-a0a6-43f8-8550-04292d17e815","the equipment","die Ausstattung","noun","arbeit","mastered","3","0","0","0","","","B1",""
"4fcc1e59-1e86-4dac-929a-0c36386ff2d3","the file","die Datei","noun","arbeit","mastered","3","0","0","0","","","B1",""
"6f05c376-5e8e-4feb-ae88-46cfb9629116","the folder","der Ordner","noun","arbeit","new","0","0","0","0","","","B1",""
"2d22f9b5-68ed-42f1-a821-f6eebba3be98","the printer","der Drucker","noun","arbeit","mastered","3","0","0","0","","","B1",""
"e4607c26-6043-4d58-ba75-2287593ef7f1","the appointment calendar","der Kalender","noun","arbeit","new","0","0","0","0","","","B1",""
"e233a255-0f53-4877-a07c-a5f2551f5748","the note","die Notiz","noun","arbeit","new","0","0","0","0","","","B1",""
"f5b9575e-f191-4dbd-aed2-467f10af4c60","the mistake at work","der Fehler","noun","arbeit","mastered","3","1","0","0","2026-07-13","correct","B1",""
"3b7f0fee-66e9-40ad-a905-3be35b16e679","to hire","einstellen","verb","arbeit","new","0","0","0","0","","","B1",""
"04b9aeea-2104-4e89-9917-90c97ed0301c","to quit","kündigen","verb","arbeit","mastered","3","0","0","0","","","B1",""
"seed-165","to plan","planen","verb","arbeit","new","0","0","0","0","","","B1",""
"seed-166","to organize","organisieren","verb","arbeit","new","0","0","0","0","","","B1",""
"seed-167","to prepare","vorbereiten","verb","arbeit","new","0","0","0","0","","","B1",""
"seed-168","to introduce","vorstellen","verb","arbeit","new","0","0","0","0","","","B1",""
"seed-169","to convince","überzeugen","verb","arbeit","new","0","0","0","0","","","B1",""
"seed-170","to cooperate","zusammenarbeiten","verb","arbeit","new","0","0","0","0","","","B1",""
"seed-171","to process","bearbeiten","verb","arbeit","new","0","0","0","0","","","B1",""
"seed-172","to reach someone","erreichen","verb","arbeit","new","0","0","0","0","","","B1",""
"seed-173","to report sick","sich krankmelden","verb","arbeit","new","0","0","0","0","","","B1",""
"seed-174","punctual","pünktlich","adjective","arbeit","new","0","0","0","0","","","B1",""
"seed-175","flexible","flexibel","adjective","arbeit","learning","1","2","0","0","2026-07-17","correct","B1",""
"seed-176","resilient","belastbar","adjective","arbeit","new","0","0","0","0","","","B1",""
"seed-177","suitable","geeignet","adjective","arbeit","new","0","0","0","0","","","B1",""
"seed-178","professional","beruflich","adjective","arbeit","new","0","0","0","0","","","B1",""
"seed-179","the bag","die Tasche","noun","alltag","mastered","4","6","2","0","2026-06-14","correct","B1",""
"seed-180","the key","der Schlüssel","noun","alltag","learning","1","3","0","1","2026-06-08","correct","B1",""
"seed-181","the wallet","das Portemonnaie","noun","alltag","mastered","4","11","4","1","2026-06-14","correct","B1",""
"seed-182","the ID card","der Ausweis","noun","alltag","learning","1","2","0","1","2026-06-05","correct","B1",""
"seed-183","the receipt as proof","die Quittung","noun","alltag","mastered","3","10","3","0","2026-06-17","correct","B1",""
"seed-184","the purchase","der Einkauf","noun","alltag","mastered","4","7","2","0","2026-06-15","correct","B1",""
"seed-185","the opening hours","die Öffnungszeiten","noun","alltag","mastered","4","6","1","1","2026-06-15","correct","B1",""
"seed-186","the shop","der Laden","noun","alltag","learning","1","1","0","0","2026-06-05","correct","B1",""
"seed-187","the bakery","die Bäckerei","noun","alltag","learning","1","1","0","0","2026-06-05","correct","B1",""
"seed-188","the butcher shop","die Metzgerei","noun","alltag","learning","1","1","0","0","2026-06-05","correct","B1",""
"seed-189","the offer","das Angebot","noun","alltag","learning","1","1","0","0","2026-06-05","correct","B1",""
"seed-190","the price","der Preis","noun","alltag","learning","1","1","0","0","2026-06-05","correct","B1",""
"seed-191","the size","die Größe","noun","alltag","learning","1","2","0","0","2026-07-05","correct","B1",""
"seed-192","the color","die Farbe","noun","alltag","learning","1","2","0","0","2026-07-05","correct","B1",""
"seed-193","the brand","die Marke","noun","alltag","learning","1","1","0","0","2026-06-05","correct","B1",""
"seed-194","the quality","die Qualität","noun","alltag","learning","1","1","0","0","2026-06-05","correct","B1",""
"seed-195","the delivery","die Lieferung","noun","alltag","learning","2","4","1","0","2026-06-18","correct","B1",""
"seed-196","the order online","die Bestellung","noun","alltag","mastered","4","15","7","1","2026-06-19","correct","B1",""
"seed-197","the return","die Rückgabe","noun","alltag","learning","1","2","0","0","2026-06-29","correct","B1",""
"seed-198","the exchange","der Umtausch","noun","alltag","learning","1","2","0","0","2026-06-20","correct","B1",""
"seed-199","the guarantee","die Garantie","noun","alltag","learning","1","1","0","0","2026-06-05","correct","B1",""
"seed-200","the customer card","die Kundenkarte","noun","alltag","learning","1","1","0","0","2026-06-05","correct","B1",""
"seed-201","the package","das Paket","noun","alltag","learning","1","2","0","0","2026-06-15","correct","B1",""
"seed-202","the parcel service","der Paketdienst","noun","alltag","mastered","3","12","3","3","2026-06-14","correct","B1",""
"seed-203","the post office","die Post","noun","alltag","mastered","4","7","1","2","2026-06-15","correct","B1",""
"seed-204","the address","die Adresse","noun","alltag","learning","1","1","0","0","2026-06-05","correct","B1",""
"seed-205","the phone number","die Telefonnummer","noun","alltag","mastered","4","8","2","2","2026-06-15","correct","B1",""
"seed-206","the contact","der Kontakt","noun","alltag","learning","1","1","0","0","2026-06-05","correct","B1",""
"seed-207","the calendar week","die Kalenderwoche","noun","alltag","mastered","4","8","2","2","2026-06-15","correct","B1",""
"seed-208","the everyday life","der Alltag","noun","alltag","learning","1","1","0","0","2026-06-05","correct","B1",""
"seed-209","the plan for the day","der Tagesplan","noun","alltag","mastered","5","8","3","0","2026-06-15","correct","B1",""
"seed-210","the habit","die Gewohnheit","noun","alltag","mastered","4","6","2","0","2026-06-17","correct","B1",""
"seed-211","the reminder","die Erinnerung","noun","alltag","mastered","4","6","2","0","2026-06-17","correct","B1",""
"seed-212","to shop","einkaufen","verb","alltag","learning","1","1","0","0","2026-06-05","correct","B1",""
"seed-213","to order","bestellen","verb","alltag","learning","1","1","0","0","2026-06-05","correct","B1",""
"seed-214","to return something","zurückgeben","verb","alltag","mastered","3","10","3","0","2026-07-08","correct","B1",""
"seed-215","to exchange","umtauschen","verb","alltag","learning","1","2","0","0","2026-06-29","correct","B1",""
"seed-216","to try out","ausprobieren","verb","alltag","mastered","3","11","4","0","2026-06-14","correct","B1",""
"seed-217","to try on","anprobieren","verb","alltag","learning","1","1","0","0","2026-06-05","correct","B1",""
"seed-218","to reserve","reservieren","verb","alltag","learning","1","1","0","0","2026-06-06","correct","B1",""
"seed-219","to save money","sparen","verb","alltag","mastered","5","6","2","0","2026-06-17","correct","B1",""
"seed-220","to spend money","Geld ausgeben","phrase","alltag","mastered","3","18","7","1","2026-06-21","correct","B1",""
"seed-221","to search for","suchen","verb","alltag","learning","1","3","0","0","2026-06-11","correct","B1",""
"seed-222","to find","finden","verb","alltag","mastered","5","6","2","0","2026-07-05","correct","B1",""
"seed-223","to lose","verlieren","verb","alltag","mastered","5","8","3","0","2026-06-21","correct","B1",""
"seed-224","to find again","wiederfinden","verb","alltag","learning","1","2","0","0","2026-06-08","correct","B1",""
"seed-225","to charge","aufladen","verb","alltag","mastered","4","9","3","0","2026-06-17","correct","B1",""
"seed-226","cheap","günstig","adjective","alltag","learning","1","1","0","0","2026-06-05","correct","B1",""
"seed-227","expensive","teuer","adjective","alltag","mastered","6","3","0","0","2026-06-27","correct","B1",""
"seed-228","comfortable","bequem","adjective","alltag","learning","2","3","1","0","2026-06-06","correct","B1",""
"seed-229","suitable in size","passend","adjective","alltag","mastered","4","7","3","0","2026-06-17","correct","B1",""
"seed-230","empty","leer","adjective","alltag","learning","1","1","0","0","2026-06-05","correct","B1",""
"seed-231","full","voll","adjective","alltag","learning","1","1","0","0","2026-06-06","correct","B1",""
"seed-232","fresh","frisch","adjective","alltag","learning","1","1","0","0","2026-06-06","correct","B1",""
"seed-233","used","gebraucht","adjective","alltag","learning","1","1","0","0","2026-06-05","correct","B1",""
"seed-234","tidy","ordentlich","adjective","alltag","mastered","4","8","4","0","2026-06-19","correct","B1",""
"seed-235","the room","das Zimmer","noun","haushalt","new","0","0","0","0","","","B1",""
"seed-236","the living room","das Wohnzimmer","noun","haushalt","new","0","0","0","0","","","B1",""
"seed-237","the bedroom","das Schlafzimmer","noun","haushalt","new","0","0","0","0","","","B1",""
"seed-238","the kitchen","die Küche","noun","haushalt","learning","1","2","0","0","2026-07-12","correct","B1",""
"seed-239","the bathroom","das Bad","noun","haushalt","new","0","0","0","0","","","B1",""
"seed-240","the hallway","der Flur","noun","haushalt","new","0","0","0","0","","","B1",""
"seed-241","the balcony","der Balkon","noun","haushalt","new","0","0","0","0","","","B1",""
"seed-242","the basement","der Keller","noun","haushalt","new","0","0","0","0","","","B1",""
"seed-243","the elevator","der Aufzug","noun","haushalt","new","0","0","0","0","","","B1",""
"seed-244","the door","die Tür","noun","haushalt","new","0","0","0","0","","","B1",""
"seed-245","the window","das Fenster","noun","haushalt","new","0","0","0","0","","","B1",""
"seed-246","the lamp","die Lampe","noun","haushalt","learning","1","3","0","1","2026-07-17","correct","B1",""
"seed-247","the wardrobe","der Schrank","noun","haushalt","new","0","0","0","0","","","B1",""
"seed-248","the shelf","das Regal","noun","haushalt","new","0","0","0","0","","","B1",""
"seed-249","the table","der Tisch","noun","haushalt","learning","1","2","0","0","2026-07-12","correct","B1",""
"seed-250","the chair","der Stuhl","noun","haushalt","new","0","0","0","0","","","B1",""
"seed-251","the bed","das Bett","noun","haushalt","new","0","0","0","0","","","B1",""
"seed-252","the sofa","das Sofa","noun","haushalt","new","0","0","0","0","","","B1",""
"seed-253","the carpet","der Teppich","noun","haushalt","new","0","0","0","0","","","B1",""
"seed-254","the curtain","die Gardine","noun","haushalt","new","0","0","0","0","","","B1",""
"seed-255","the stove","der Herd","noun","haushalt","new","0","0","0","0","","","B1",""
"seed-256","the refrigerator","der Kühlschrank","noun","haushalt","new","0","0","0","0","","","B1",""
"seed-257","the dishwasher","die Spülmaschine","noun","haushalt","new","0","0","0","0","","","B1",""
"seed-258","the washing machine","die Waschmaschine","noun","haushalt","learning","1","3","0","1","2026-07-13","correct","B1",""
"seed-259","the dryer","der Trockner","noun","haushalt","new","0","0","0","0","","","B1",""
"seed-260","the vacuum cleaner","der Staubsauger","noun","haushalt","new","0","0","0","0","","","B1",""
"seed-261","the broom","der Besen","noun","haushalt","new","0","0","0","0","","","B1",""
"seed-262","the cloth","der Lappen","noun","haushalt","new","0","0","0","0","","","B1",""
"seed-263","the bucket","der Eimer","noun","haushalt","new","0","0","0","0","","","B1",""
"seed-264","the cleaning product","das Putzmittel","noun","haushalt","new","0","0","0","0","","","B1",""
"seed-265","the socket","die Steckdose","noun","haushalt","new","0","0","0","0","","","B1",""
"seed-266","the light bulb","die Glühbirne","noun","haushalt","new","0","0","0","0","","","B1",""
"seed-267","the electricity","der Strom","noun","haushalt","new","0","0","0","0","","","B1",""
"seed-268","the water","das Wasser","noun","haushalt","new","0","0","0","0","","","B1",""
"seed-269","the utilities","die Nebenkosten","noun","haushalt","new","0","0","0","0","","","B1",""
"seed-270","the deposit","die Kaution","noun","haushalt","new","0","0","0","0","","","B1",""
"seed-271","the rental contract","der Mietvertrag","noun","haushalt","new","0","0","0","0","","","B1",""
"seed-272","the caretaker","der Hausmeister","noun","haushalt","new","0","0","0","0","","","B1",""
"seed-273","the neighbor","der Nachbar","noun","haushalt","learning","1","2","0","0","2026-07-12","correct","B1","Female: die Nachbarin."
"seed-274","the move to a new home","der Umzug","noun","haushalt","new","0","0","0","0","","","B1",""
"seed-275","to clean","putzen","verb","haushalt","new","0","0","0","0","","","B1",""
"seed-276","to tidy up","aufräumen","verb","haushalt","new","0","0","0","0","","","B1",""
"seed-277","to air the room","lüften","verb","haushalt","new","0","0","0","0","","","B1",""
"seed-278","to heat","heizen","verb","haushalt","new","0","0","0","0","","","B1",""
"seed-279","to cook","kochen","verb","haushalt","new","0","0","0","0","","","B1",""
"seed-280","to bake","backen","verb","haushalt","new","0","0","0","0","","","B1",""
"seed-281","to mop","wischen","verb","haushalt","new","0","0","0","0","","","B1",""
"seed-282","to move in","einziehen","verb","haushalt","new","0","0","0","0","","","B1",""
"seed-283","to move out","ausziehen","verb","haushalt","new","0","0","0","0","","","B1",""
"seed-284","to move house","umziehen","verb","haushalt","new","0","0","0","0","","","B1",""
"seed-285","to lock","abschließen","verb","haushalt","new","0","0","0","0","","","B1",""
"seed-286","to unlock","aufschließen","verb","haushalt","new","0","0","0","0","","","B1",""
"seed-287","clean","sauber","adjective","haushalt","new","0","0","0","0","","","B1",""
"seed-288","dirty","schmutzig","adjective","haushalt","new","0","0","0","0","","","B1",""
"seed-289","cozy","gemütlich","adjective","haushalt","new","0","0","0","0","","","B1",""
"seed-290","loud","laut","adjective","haushalt","new","0","0","0","0","","","B1",""
"seed-291","quiet","ruhig","adjective","haushalt","learning","1","3","0","1","2026-07-13","correct","B1",""
"seed-292","bright","hell","adjective","haushalt","new","0","0","0","0","","","B1",""
"seed-293","dark","dunkel","adjective","haushalt","new","0","0","0","0","","","B1",""
"seed-294","wet","nass","adjective","haushalt","new","0","0","0","0","","","B1",""
"seed-295","dry","trocken","adjective","haushalt","new","0","0","0","0","","","B1",""
"seed-296","the stop","die Haltestelle","noun","transport","new","0","0","0","0","","","B1",""
"seed-297","the subway","die U-Bahn","noun","transport","new","0","0","0","0","","","B1",""
"seed-298","the city train","die S-Bahn","noun","transport","new","0","0","0","0","","","B1",""
"seed-299","the tram","die Straßenbahn","noun","transport","new","0","0","0","0","","","B1",""
"seed-300","the bus","der Bus","noun","transport","new","0","0","0","0","","","B1",""
"seed-301","the train","der Zug","noun","transport","new","0","0","0","0","","","B1",""
"seed-302","the track","das Gleis","noun","transport","new","0","0","0","0","","","B1",""
"seed-303","the connection","die Verbindung","noun","transport","learning","1","2","0","0","2026-07-12","correct","B1",""
"seed-304","the timetable","der Fahrplan","noun","transport","new","0","0","0","0","","","B1",""
"seed-305","the departure","die Abfahrt","noun","transport","new","0","0","0","0","","","B1",""
"seed-306","the arrival","die Ankunft","noun","transport","new","0","0","0","0","","","B1",""
"seed-307","the connecting train","der Anschluss","noun","transport","new","0","0","0","0","","","B1",""
"seed-308","the direction","die Richtung","noun","transport","new","0","0","0","0","","","B1",""
"seed-309","the line","die Linie","noun","transport","new","0","0","0","0","","","B1",""
"seed-310","the fare zone","die Zone","noun","transport","new","0","0","0","0","","","B1",""
"seed-311","the ticket","der Fahrschein","noun","transport","new","0","0","0","0","","","B1",""
"seed-312","the ticket check","die Kontrolle","noun","transport","new","0","0","0","0","","","B1",""
"seed-313","the ticket inspector","der Kontrolleur","noun","transport","new","0","0","0","0","","","B1",""
"seed-314","the construction site","die Baustelle","noun","transport","new","0","0","0","0","","","B1",""
"seed-315","the detour","die Umleitung","noun","transport","new","0","0","0","0","","","B1",""
"seed-316","the traffic jam","der Stau","noun","transport","new","0","0","0","0","","","B1",""
"seed-317","the highway","die Autobahn","noun","transport","new","0","0","0","0","","","B1",""
"seed-318","the exit","die Ausfahrt","noun","transport","new","0","0","0","0","","","B1",""
"seed-319","the entrance","die Einfahrt","noun","transport","new","0","0","0","0","","","B1",""
"seed-320","the parking space","der Parkplatz","noun","transport","new","0","0","0","0","","","B1",""
"seed-321","the parking garage","das Parkhaus","noun","transport","new","0","0","0","0","","","B1",""
"seed-322","the gas station","die Tankstelle","noun","transport","new","0","0","0","0","","","B1",""
"seed-323","the driving license","der Führerschein","noun","transport","new","0","0","0","0","","","B1",""
"seed-324","the car","das Auto","noun","transport","new","0","0","0","0","","","B1",""
"seed-325","the tire","der Reifen","noun","transport","new","0","0","0","0","","","B1",""
"seed-326","the workshop","die Werkstatt","noun","transport","new","0","0","0","0","","","B1",""
"seed-327","the traffic light","die Ampel","noun","transport","new","0","0","0","0","","","B1",""
"seed-328","the pedestrian","der Fußgänger","noun","transport","new","0","0","0","0","","","B1","Female: die Fußgängerin."
"seed-329","the crosswalk","der Zebrastreifen","noun","transport","new","0","0","0","0","","","B1",""
"seed-330","to drive","fahren","verb","transport","new","0","0","0","0","","","B1",""
"seed-331","to leave by vehicle","losfahren","verb","transport","new","0","0","0","0","","","B1",""
"seed-332","to arrive","ankommen","verb","transport","new","0","0","0","0","","","B1",""
"seed-333","to get in","einsteigen","verb","transport","new","0","0","0","0","","","B1",""
"seed-334","to get out","aussteigen","verb","transport","new","0","0","0","0","","","B1",""
"seed-335","to park","parken","verb","transport","new","0","0","0","0","","","B1",""
"seed-336","to park into a space","einparken","verb","transport","new","0","0","0","0","","","B1",""
"seed-337","to refuel","tanken","verb","transport","new","0","0","0","0","","","B1",""
"seed-338","to brake","bremsen","verb","transport","new","0","0","0","0","","","B1",""
"seed-339","to overtake","überholen","verb","transport","new","0","0","0","0","","","B1",""
"seed-340","to turn","abbiegen","verb","transport","new","0","0","0","0","","","B1",""
"seed-341","delayed","verspätet","adjective","transport","new","0","0","0","0","","","B1",""
"seed-342","direct","direkt","adjective","transport","new","0","0","0","0","","","B1",""
"seed-343","fast","schnell","adjective","transport","new","0","0","0","0","","","B1",""
"seed-344","slow","langsam","adjective","transport","learning","1","2","0","0","2026-07-13","correct","B1",""
"seed-345","the doctor","der Arzt","noun","gesundheit","new","0","0","0","0","","","B1","Female: die Ärztin."
"seed-346","the medical practice","die Praxis","noun","gesundheit","mastered","3","6","1","1","2026-07-17","correct","B1",""
"seed-347","the family doctor","der Hausarzt","noun","gesundheit","new","0","0","0","0","","","B1","Female: die Hausärztin."
"seed-348","the specialist doctor","der Facharzt","noun","gesundheit","learning","2","4","1","0","2026-07-16","correct","B1","Female: die Fachärztin."
"seed-349","the hospital","das Krankenhaus","noun","gesundheit","new","0","0","0","0","","","B1",""
"seed-350","the clinic","die Klinik","noun","gesundheit","new","0","0","0","0","","","B1",""
"seed-351","the emergency room","die Notaufnahme","noun","gesundheit","new","0","0","0","0","","","B1",""
"seed-352","the emergency call","der Notruf","noun","gesundheit","new","0","0","0","0","","","B1",""
"seed-353","the examination","die Untersuchung","noun","gesundheit","new","0","0","0","0","","","B1",""
"seed-354","the treatment","die Behandlung","noun","gesundheit","new","0","0","0","0","","","B1",""
"seed-355","the diagnosis","die Diagnose","noun","gesundheit","new","0","0","0","0","","","B1",""
"seed-356","the therapy","die Therapie","noun","gesundheit","new","0","0","0","0","","","B1",""
"seed-357","the medication","das Medikament","noun","gesundheit","new","0","0","0","0","","","B1",""
"seed-358","the tablet","die Tablette","noun","gesundheit","new","0","0","0","0","","","B1",""
"seed-359","the ointment","die Salbe","noun","gesundheit","new","0","0","0","0","","","B1",""
"seed-360","the vaccination","die Impfung","noun","gesundheit","new","0","0","0","0","","","B1",""
"seed-361","the referral","die Überweisung","noun","gesundheit","mastered","3","8","3","0","2026-07-17","correct","B1","Also used for a bank transfer."
"seed-362","the health insurance company","die Krankenkasse","noun","gesundheit","new","0","0","0","0","","","B1",""
"seed-363","the insurance card","die Versichertenkarte","noun","gesundheit","new","0","0","0","0","","","B1",""
"seed-364","the symptom","das Symptom","noun","gesundheit","new","0","0","0","0","","","B1",""
"seed-365","the allergy","die Allergie","noun","gesundheit","new","0","0","0","0","","","B1",""
"seed-366","the cold","die Erkältung","noun","gesundheit","new","0","0","0","0","","","B1",""
"seed-367","the flu","die Grippe","noun","gesundheit","new","0","0","0","0","","","B1",""
"seed-368","the cough","der Husten","noun","gesundheit","new","0","0","0","0","","","B1",""
"seed-369","the runny nose","der Schnupfen","noun","gesundheit","new","0","0","0","0","","","B1",""
"seed-370","the sore throat","die Halsschmerzen","noun","gesundheit","new","0","0","0","0","","","B1","Usually plural in German."
"seed-371","the back","der Rücken","noun","gesundheit","new","0","0","0","0","","","B1",""
"seed-372","the stomach","der Bauch","noun","gesundheit","new","0","0","0","0","","","B1",""
"seed-373","the head","der Kopf","noun","gesundheit","new","0","0","0","0","","","B1",""
"seed-374","the arm","der Arm","noun","gesundheit","new","0","0","0","0","","","B1",""
"seed-375","the leg","das Bein","noun","gesundheit","new","0","0","0","0","","","B1",""
"seed-376","the hand","die Hand","noun","gesundheit","new","0","0","0","0","","","B1",""
"seed-377","the foot","der Fuß","noun","gesundheit","new","0","0","0","0","","","B1",""
"seed-378","the eye","das Auge","noun","gesundheit","new","0","0","0","0","","","B1",""
"seed-379","the ear","das Ohr","noun","gesundheit","new","0","0","0","0","","","B1",""
"seed-380","the tooth","der Zahn","noun","gesundheit","new","0","0","0","0","","","B1",""
"seed-381","the dentist","der Zahnarzt","noun","gesundheit","new","0","0","0","0","","","B1","Female: die Zahnärztin."
"seed-382","to examine","untersuchen","verb","gesundheit","new","0","0","0","0","","","B1",""
"seed-383","to treat","behandeln","verb","gesundheit","new","0","0","0","0","","","B1",""
"seed-384","to prescribe","verschreiben","verb","gesundheit","new","0","0","0","0","","","B1",""
"seed-385","to take medicine","einnehmen","verb","gesundheit","new","0","0","0","0","","","B1",""
"seed-386","to measure","messen","verb","gesundheit","new","0","0","0","0","","","B1",""
"seed-387","to injure oneself","sich verletzen","verb","gesundheit","new","0","0","0","0","","","B1",""
"seed-388","to hurt","weh tun","phrase","gesundheit","new","0","0","0","0","","","B1",""
"seed-389","to rest","sich ausruhen","verb","gesundheit","new","0","0","0","0","","","B1",""
"seed-390","to get healthy","gesund werden","phrase","gesundheit","new","0","0","0","0","","","B1",""
"seed-391","healthy","gesund","adjective","gesundheit","new","0","0","0","0","","","B1",""
"seed-392","weak","schwach","adjective","gesundheit","new","0","0","0","0","","","B1",""
"seed-393","strong","stark","adjective","gesundheit","new","0","0","0","0","","","B1",""
"seed-394","contagious","ansteckend","adjective","gesundheit","new","0","0","0","0","","","B1",""
"seed-395","tired","müde","adjective","gesundheit","mastered","3","4","0","0","2026-07-13","correct","B1",""
"seed-396","the application form request","der Antrag","noun","behörden","new","0","0","0","0","","","B2",""
"seed-397","the certificate","die Bescheinigung","noun","behörden","new","0","0","0","0","","","B2",""
"seed-398","the birth certificate","die Geburtsurkunde","noun","behörden","new","0","0","0","0","","","B2",""
"seed-399","the registration certificate","die Meldebescheinigung","noun","behörden","new","0","0","0","0","","","B2",""
"seed-400","the passport","der Reisepass","noun","behörden","new","0","0","0","0","","","B2",""
"seed-401","the national ID card","der Personalausweis","noun","behörden","new","0","0","0","0","","","B2",""
"seed-402","the visa","das Visum","noun","behörden","new","0","0","0","0","","","B2",""
"seed-403","the stay","der Aufenthalt","noun","behörden","new","0","0","0","0","","","B2",""
"seed-404","the work permit","die Arbeitserlaubnis","noun","behörden","new","0","0","0","0","","","B2",""
"seed-405","the tax ID number","die Steueridentifikationsnummer","noun","behörden","new","0","0","0","0","","","B2",""
"seed-406","the tax return","die Steuererklärung","noun","behörden","new","0","0","0","0","","","B2",""
"seed-407","the tax office","das Finanzamt","noun","behörden","new","0","0","0","0","","","B2",""
"seed-408","the immigration office","die Ausländerbehörde","noun","behörden","new","0","0","0","0","","","B2",""
"seed-409","the office as authority","das Amt","noun","behörden","new","0","0","0","0","","","B2",""
"seed-410","the case worker","der Sachbearbeiter","noun","behörden","new","0","0","0","0","","","B2","Female: die Sachbearbeiterin."
"seed-411","the waiting number","die Wartemarke","noun","behörden","new","0","0","0","0","","","B2",""
"seed-412","the number","die Nummer","noun","behörden","new","0","0","0","0","","","B2",""
"seed-413","the counter","der Schalter","noun","behörden","new","0","0","0","0","","","B2",""
"seed-414","the signature","die Unterschrift","noun","behörden","new","0","0","0","0","","","B2",""
"seed-415","the copy","die Kopie","noun","behörden","new","0","0","0","0","","","B2",""
"seed-416","the original","das Original","noun","behörden","new","0","0","0","0","","","B2",""
"seed-417","the translation","die Übersetzung","noun","behörden","new","0","0","0","0","","","B2",""
"seed-418","the stamp","der Stempel","noun","behörden","new","0","0","0","0","","","B2",""
"seed-419","the fee","die Gebühr","noun","behörden","new","0","0","0","0","","","B2",""
"seed-420","the reminder letter","die Mahnung","noun","behörden","new","0","0","0","0","","","B2",""
"seed-421","the email address","die E-Mail-Adresse","noun","behörden","new","0","0","0","0","","","B2",""
"seed-422","the letter","der Brief","noun","behörden","new","0","0","0","0","","","B2",""
"seed-423","the mailbox","der Briefkasten","noun","behörden","new","0","0","0","0","","","B2",""
"seed-424","the appointment confirmation","die Terminbestätigung","noun","behörden","new","0","0","0","0","","","B2",""
"seed-425","the waiting time","die Wartezeit","noun","behörden","learning","0","1","0","0","2026-06-29","correct","B2",""
"seed-426","the processing time","die Bearbeitungszeit","noun","behörden","new","0","0","0","0","","","B2",""
"seed-427","the decision notice","der Bescheid","noun","behörden","new","0","0","0","0","","","B2",""
"seed-428","the permit","die Erlaubnis","noun","behörden","new","0","0","0","0","","","B2",""
"seed-429","the obligation","die Pflicht","noun","behörden","new","0","0","0","0","","","B2",""
"seed-430","to apply for","beantragen","verb","behörden","new","0","0","0","0","","","B2",""
"seed-431","to confirm","bestätigen","verb","behörden","new","0","0","0","0","","","B2",""
"seed-432","to copy","kopieren","verb","behörden","new","0","0","0","0","","","B2",""
"seed-433","to certify","beglaubigen","verb","behörden","new","0","0","0","0","","","B2",""
"seed-434","to pay","bezahlen","verb","behörden","mastered","6","6","0","0","2026-07-09","correct","B2",""
"seed-435","to bring along","mitbringen","verb","behörden","learning","0","1","0","0","2026-06-17","correct","B2",""
"seed-436","to check","prüfen","verb","behörden","mastered","6","6","0","0","2026-07-09","correct","B2",""
"seed-437","to approve","genehmigen","verb","behörden","new","0","0","0","0","","","B2",""
"seed-438","to reject","ablehnen","verb","behörden","new","0","0","0","0","","","B2",""
"seed-439","to extend","verlängern","verb","behörden","new","0","0","0","0","","","B2",""
"seed-440","to deregister","abmelden","verb","behörden","new","0","0","0","0","","","B2",""
"seed-441","to change registration","ummelden","verb","behörden","new","0","0","0","0","","","B2",""
"seed-442","required","erforderlich","adjective","behörden","new","0","0","0","0","","","B2",""
"seed-443","complete","vollständig","adjective","behörden","mastered","3","3","0","0","2026-07-09","correct","B2",""
"seed-444","incomplete","unvollständig","adjective","behörden","new","0","0","0","0","","","B2",""
"seed-445","official","offiziell","adjective","behörden","new","0","0","0","0","","","B2",""
"seed-446","personal in person","persönlich","adjective","behörden","new","0","0","0","0","","","B2",""
"seed-447","written","schriftlich","adjective","behörden","new","0","0","0","0","","","B2",""
"seed-448","the friend","der Freund","noun","freizeit","new","0","0","0","0","","","B1","Female: die Freundin."
"seed-449","the family","die Familie","noun","freizeit","new","0","0","0","0","","","B1",""
"seed-450","the visit","der Besuch","noun","freizeit","new","0","0","0","0","","","B1",""
"seed-451","the guest","der Gast","noun","freizeit","learning","2","4","1","0","2026-07-17","correct","B1",""
"seed-452","the party","die Party","noun","freizeit","new","0","0","0","0","","","B1",""
"seed-453","the celebration","die Feier","noun","freizeit","new","0","0","0","0","","","B1",""
"seed-454","the birthday","der Geburtstag","noun","freizeit","new","0","0","0","0","","","B1",""
"seed-455","the gift","das Geschenk","noun","freizeit","new","0","0","0","0","","","B1",""
"seed-456","the music","die Musik","noun","freizeit","new","0","0","0","0","","","B1",""
"seed-457","the movie","der Film","noun","freizeit","new","0","0","0","0","","","B1",""
"seed-458","the series","die Serie","noun","freizeit","new","0","0","0","0","","","B1",""
"seed-459","the book","das Buch","noun","freizeit","new","0","0","0","0","","","B1",""
"seed-460","the newspaper","die Zeitung","noun","freizeit","new","0","0","0","0","","","B1",""
"seed-461","the game","das Spiel","noun","freizeit","new","0","0","0","0","","","B1",""
"seed-462","the sport","der Sport","noun","freizeit","new","0","0","0","0","","","B1",""
"seed-463","the gym","das Fitnessstudio","noun","freizeit","new","0","0","0","0","","","B1",""
"seed-464","the swimming pool","das Schwimmbad","noun","freizeit","new","0","0","0","0","","","B1",""
"seed-465","the park","der Park","noun","freizeit","new","0","0","0","0","","","B1",""
"seed-466","the lake","der See","noun","freizeit","new","0","0","0","0","","","B1",""
"seed-467","the forest","der Wald","noun","freizeit","new","0","0","0","0","","","B1",""
"seed-468","the trip","die Reise","noun","freizeit","new","0","0","0","0","","","B1",""
"seed-469","the vacation","der Urlaub","noun","freizeit","new","0","0","0","0","","","B1",""
"seed-470","the accommodation","die Unterkunft","noun","freizeit","new","0","0","0","0","","","B1",""
"seed-471","the hotel","das Hotel","noun","freizeit","new","0","0","0","0","","","B1",""
"seed-472","the holiday apartment","die Ferienwohnung","noun","freizeit","new","0","0","0","0","","","B1",""
"seed-473","the excursion","der Ausflug","noun","freizeit","new","0","0","0","0","","","B1",""
"seed-474","the concert","das Konzert","noun","freizeit","new","0","0","0","0","","","B1",""
"seed-475","the theater","das Theater","noun","freizeit","new","0","0","0","0","","","B1",""
"seed-476","the cinema","das Kino","noun","freizeit","new","0","0","0","0","","","B1",""
"seed-477","the museum","das Museum","noun","freizeit","new","0","0","0","0","","","B1",""
"seed-478","the restaurant","das Restaurant","noun","freizeit","new","0","0","0","0","","","B1",""
"seed-479","the cafe","das Café","noun","freizeit","new","0","0","0","0","","","B1",""
"seed-480","the pub","die Kneipe","noun","freizeit","new","0","0","0","0","","","B1",""
"seed-481","the reservation","die Reservierung","noun","freizeit","learning","2","4","1","0","2026-07-17","correct","B1",""
"seed-482","the bill at a restaurant","die Rechnung","noun","freizeit","new","0","0","0","0","","","B1",""
"seed-483","to invite","einladen","verb","freizeit","new","0","0","0","0","","","B1",""
"seed-484","to visit","besuchen","verb","freizeit","new","0","0","0","0","","","B1",""
"seed-485","to celebrate","feiern","verb","freizeit","new","0","0","0","0","","","B1",""
"seed-486","to give a gift","schenken","verb","freizeit","new","0","0","0","0","","","B1",""
"seed-487","to read","lesen","verb","freizeit","new","0","0","0","0","","","B1",""
"seed-488","to watch","schauen","verb","freizeit","new","0","0","0","0","","","B1",""
"seed-489","to play","spielen","verb","freizeit","new","0","0","0","0","","","B1",""
"seed-490","to train","trainieren","verb","freizeit","new","0","0","0","0","","","B1",""
"seed-491","to swim","schwimmen","verb","freizeit","new","0","0","0","0","","","B1",""
"seed-492","to go for a walk","spazieren gehen","phrase","freizeit","new","0","0","0","0","","","B1",""
"seed-493","to travel","reisen","verb","freizeit","new","0","0","0","0","","","B1",""
"seed-494","to book","buchen","verb","freizeit","new","0","0","0","0","","","B1",""
"seed-495","to enjoy","genießen","verb","freizeit","new","0","0","0","0","","","B1",""
"seed-496","to meet","sich treffen","verb","freizeit","learning","1","1","0","0","2026-07-13","correct","B1",""
"seed-497","to arrange to meet","sich verabreden","verb","freizeit","new","0","0","0","0","","","B1",""
"seed-498","to laugh","lachen","verb","freizeit","new","0","0","0","0","","","B1",""
"seed-499","to tell a story","erzählen","verb","freizeit","new","0","0","0","0","","","B1",""
"seed-500","tasty","lecker","adjective","freizeit","new","0","0","0","0","","","B1",""
"seed-501","boring","langweilig","adjective","freizeit","new","0","0","0","0","","","B1",""
"seed-502","exciting","spannend","adjective","freizeit","new","0","0","0","0","","","B1",""
"seed-503","interesting","interessant","adjective","freizeit","new","0","0","0","0","","","B1",""
"seed-504","free of charge","kostenlos","adjective","freizeit","new","0","0","0","0","","","B1",""
"seed-505","fully booked","ausgebucht","adjective","freizeit","new","0","0","0","0","","","B1",""
"seed-506","happy","glücklich","adjective","gefühle","new","0","0","0","0","","","B1",""
"seed-507","sad","traurig","adjective","gefühle","new","0","0","0","0","","","B1",""
"seed-508","angry","wütend","adjective","gefühle","new","0","0","0","0","","","B1",""
"seed-509","disappointed","enttäuscht","adjective","gefühle","new","0","0","0","0","","","B1",""
"seed-510","satisfied","zufrieden","adjective","gefühle","new","0","0","0","0","","","B1",""
"seed-511","dissatisfied","unzufrieden","adjective","gefühle","new","0","0","0","0","","","B1",""
"seed-512","proud","stolz","adjective","gefühle","new","0","0","0","0","","","B1",""
"seed-513","uncertain","unsicher","adjective","gefühle","new","0","0","0","0","","","B1",""
"seed-514","safe or certain","sicher","adjective","gefühle","new","0","0","0","0","","","B1",""
"seed-515","nervous","nervös","adjective","gefühle","new","0","0","0","0","","","B1",""
"seed-516","calm","ruhig","adjective","gefühle","new","0","0","0","0","","","B1",""
"seed-517","stressed","gestresst","adjective","gefühle","new","0","0","0","0","","","B1",""
"seed-518","surprised","überrascht","adjective","gefühle","new","0","0","0","0","","","B1",""
"seed-519","grateful","dankbar","adjective","gefühle","new","0","0","0","0","","","B1",""
"seed-520","lonely","einsam","adjective","gefühle","new","0","0","0","0","","","B1",""
"seed-521","in love","verliebt","adjective","gefühle","new","0","0","0","0","","","B1",""
"seed-522","jealous","eifersüchtig","adjective","gefühle","new","0","0","0","0","","","B1",""
"seed-523","hopeful","hoffnungsvoll","adjective","gefühle","new","0","0","0","0","","","B1",""
"seed-524","clueless","ratlos","adjective","gefühle","new","0","0","0","0","","","B1",""
"seed-525","the joy","die Freude","noun","gefühle","new","0","0","0","0","","","B1",""
"seed-526","the sadness","die Trauer","noun","gefühle","new","0","0","0","0","","","B1",""
"seed-527","the anger","die Wut","noun","gefühle","new","0","0","0","0","","","B1",""
"seed-528","the disappointment","die Enttäuschung","noun","gefühle","new","0","0","0","0","","","B1",""
"seed-529","the satisfaction","die Zufriedenheit","noun","gefühle","new","0","0","0","0","","","B1",""
"seed-530","the worry","die Sorge","noun","gefühle","new","0","0","0","0","","","B1",""
"seed-531","the stress","der Stress","noun","gefühle","new","0","0","0","0","","","B1",""
"seed-532","the surprise","die Überraschung","noun","gefühle","new","0","0","0","0","","","B1",""
"seed-533","the pride","der Stolz","noun","gefühle","new","0","0","0","0","","","B1",""
"seed-534","the trust","das Vertrauen","noun","gefühle","new","0","0","0","0","","","B1",""
"seed-535","to be happy about","sich freuen","verb","gefühle","new","0","0","0","0","","","B1",""
"seed-536","to get annoyed","sich ärgern","verb","gefühle","new","0","0","0","0","","","B1",""
"seed-537","to worry","sich Sorgen machen","phrase","gefühle","new","0","0","0","0","","","B1",""
"seed-538","to miss someone","vermissen","verb","gefühle","new","0","0","0","0","","","B1",""
"seed-539","to hope","hoffen","verb","gefühle","new","0","0","0","0","","","B1",""
"seed-540","to doubt","zweifeln","verb","gefühle","new","0","0","0","0","","","B1",""
"seed-541","to be ashamed","sich schämen","verb","gefühle","new","0","0","0","0","","","B1",""
"seed-542","to be bored","sich langweilen","verb","gefühle","new","0","0","0","0","","","B1",""
"seed-543","to calm down","sich beruhigen","verb","gefühle","new","0","0","0","0","","","B1",""
"seed-544","to apologize","sich entschuldigen","verb","gefühle","mastered","3","7","2","0","2026-07-21","correct","B1",""
"seed-545","to thank","danken","verb","gefühle","new","0","0","0","0","","","B1",""
"seed-546","to argue","streiten","verb","gefühle","new","0","0","0","0","","","B1",""
"seed-547","to discuss","diskutieren","verb","gefühle","new","0","0","0","0","","","B1",""
"seed-548","to explain","erklären","verb","gefühle","new","0","0","0","0","","","B1",""
"seed-549","to listen","zuhören","verb","gefühle","new","0","0","0","0","","","B1",""
"seed-550","to ask a follow-up question","nachfragen","verb","gefühle","new","0","0","0","0","","","B1",""
"seed-551","the goal","das Ziel","noun","abstrakt","new","0","0","0","0","","","B1",""
"seed-552","the plan","der Plan","noun","abstrakt","new","0","0","0","0","","","B1",""
"seed-553","the idea","die Idee","noun","abstrakt","new","0","0","0","0","","","B1",""
"seed-554","the suggestion","der Vorschlag","noun","abstrakt","new","0","0","0","0","","","B1",""
"seed-555","the possibility","die Möglichkeit","noun","abstrakt","new","0","0","0","0","","","B1",""
"seed-556","the opportunity","die Gelegenheit","noun","abstrakt","new","0","0","0","0","","","B1",""
"seed-557","the problem","das Problem","noun","abstrakt","new","0","0","0","0","","","B1",""
"seed-558","the difficulty","die Schwierigkeit","noun","abstrakt","new","0","0","0","0","","","B1",""
"seed-559","the question","die Frage","noun","abstrakt","new","0","0","0","0","","","B1",""
"seed-560","the answer","die Antwort","noun","abstrakt","new","0","0","0","0","","","B1",""
"seed-561","the cause","die Ursache","noun","abstrakt","new","0","0","0","0","","","B1",""
"seed-562","the consequence","die Folge","noun","abstrakt","new","0","0","0","0","","","B1",""
"seed-563","the result","das Ergebnis","noun","abstrakt","new","0","0","0","0","","","B1",""
"seed-564","the difference","der Unterschied","noun","abstrakt","new","0","0","0","0","","","B1",""
"seed-565","the similarity","die Ähnlichkeit","noun","abstrakt","new","0","0","0","0","","","B1",""
"seed-566","the rule","die Regel","noun","abstrakt","new","0","0","0","0","","","B1",""
"seed-567","the exception","die Ausnahme","noun","abstrakt","new","0","0","0","0","","","B1",""
"seed-568","the explanation","die Erklärung","noun","abstrakt","new","0","0","0","0","","","B1",""
"seed-569","the example","das Beispiel","noun","abstrakt","new","0","0","0","0","","","B1",""
"seed-570","the meaning","die Bedeutung","noun","abstrakt","new","0","0","0","0","","","B1",""
"seed-571","the connection","der Zusammenhang","noun","abstrakt","new","0","0","0","0","","","B1",""
"seed-572","the condition","die Bedingung","noun","abstrakt","new","0","0","0","0","","","B1",""
"seed-573","the change","die Veränderung","noun","abstrakt","new","0","0","0","0","","","B1",""
"seed-574","the improvement","die Verbesserung","noun","abstrakt","new","0","0","0","0","","","B1",""
"seed-575","the development","die Entwicklung","noun","abstrakt","new","0","0","0","0","","","B1",""
"seed-576","the progress","der Fortschritt","noun","abstrakt","new","0","0","0","0","","","B1",""
"seed-577","the future","die Zukunft","noun","abstrakt","new","0","0","0","0","","","B1",""
"seed-578","the past","die Vergangenheit","noun","abstrakt","new","0","0","0","0","","","B1",""
"seed-579","the present","die Gegenwart","noun","abstrakt","new","0","0","0","0","","","B1",""
"seed-580","the situation","die Situation","noun","abstrakt","new","0","0","0","0","","","B1",""
"seed-581","the topic","das Thema","noun","abstrakt","new","0","0","0","0","","","B1",""
"seed-582","the detail","das Detail","noun","abstrakt","new","0","0","0","0","","","B1",""
"seed-583","the overview","der Überblick","noun","abstrakt","new","0","0","0","0","","","B1",""
"seed-584","the focus","der Fokus","noun","abstrakt","new","0","0","0","0","","","B1",""
"seed-585","the priority","die Priorität","noun","abstrakt","new","0","0","0","0","","","B1",""
"seed-586","to understand","verstehen","verb","abstrakt","new","0","0","0","0","","","B1",""
"seed-587","to justify","begründen","verb","abstrakt","new","0","0","0","0","","","B1",""
"seed-588","to prove","beweisen","verb","abstrakt","new","0","0","0","0","","","B1",""
"seed-589","to consider","überlegen","verb","abstrakt","new","0","0","0","0","","","B1",""
"seed-590","to think about","nachdenken","verb","abstrakt","new","0","0","0","0","","","B1",""
"seed-591","to believe","glauben","verb","abstrakt","new","0","0","0","0","","","B1",""
"seed-592","to mean as opinion","meinen","verb","abstrakt","new","0","0","0","0","","","B1",""
"seed-593","to notice or determine","feststellen","verb","abstrakt","new","0","0","0","0","","","B1",""
"seed-594","to recognize","erkennen","verb","abstrakt","new","0","0","0","0","","","B1",""
"seed-595","to expect","erwarten","verb","abstrakt","new","0","0","0","0","","","B1",""
"seed-596","to assume","vermuten","verb","abstrakt","new","0","0","0","0","","","B1",""
"seed-597","to change","ändern","verb","abstrakt","new","0","0","0","0","","","B1",""
"seed-598","to manage","schaffen","verb","abstrakt","new","0","0","0","0","","","B1",""
"seed-599","to fail","scheitern","verb","abstrakt","new","0","0","0","0","","","B1",""
"seed-600","to succeed","gelingen","verb","abstrakt","new","0","0","0","0","","","B1",""
"seed-601","to influence","beeinflussen","verb","abstrakt","new","0","0","0","0","","","B1",""
"seed-602","to affect","betreffen","verb","abstrakt","new","0","0","0","0","","","B1",""
"seed-603","to describe","beschreiben","verb","abstrakt","mastered","3","15","8","0","2026-07-20","correct","B1",""
"seed-604","to summarize","zusammenfassen","verb","abstrakt","new","0","0","0","0","","","B1",""
"seed-605","important","wichtig","adjective","abstrakt","new","0","0","0","0","","","B1",""
"seed-606","unimportant","unwichtig","adjective","abstrakt","new","0","0","0","0","","","B1",""
"seed-607","clear","eindeutig","adjective","abstrakt","new","0","0","0","0","","","B1",""
"seed-608","unclear","unklar","adjective","abstrakt","new","0","0","0","0","","","B1",""
"seed-609","complicated","kompliziert","adjective","abstrakt","new","0","0","0","0","","","B1",""
"seed-610","simple","einfach","adjective","abstrakt","new","0","0","0","0","","","B1",""
"seed-611","typical","typisch","adjective","abstrakt","new","0","0","0","0","","","B1",""
"seed-612","rare","selten","adjective","abstrakt","new","0","0","0","0","","","B1",""
"seed-613","frequent","häufig","adjective","abstrakt","new","0","0","0","0","","","B1",""
"seed-614","regularly","regelmäßig","adverb","abstrakt","new","0","0","0","0","","","B1",""
"seed-615","occasionally","gelegentlich","adverb","abstrakt","new","0","0","0","0","","","B1",""
"seed-616","basically","grundsätzlich","adverb","abstrakt","new","0","0","0","0","","","B1",""
"seed-617","exactly","genau","adverb","abstrakt","new","0","0","0","0","","","B1",""
"seed-618","approximately","ungefähr","adverb","abstrakt","new","0","0","0","0","","","B1",""
"seed-619","immediately","sofort","adverb","abstrakt","new","0","0","0","0","","","B1",""
"seed-620","later","später","adverb","abstrakt","new","0","0","0","0","","","B1",""
"seed-621","the bank","die Bank","noun","alltag","learning","1","1","0","0","2026-06-06","correct","B1",""
"seed-622","the cash","das Bargeld","noun","alltag","learning","1","1","0","0","2026-06-06","correct","B1",""
"seed-623","the card","die Karte","noun","alltag","learning","1","1","0","0","2026-06-06","correct","B1",""
"seed-624","the debit card","die EC-Karte","noun","alltag","learning","1","1","0","0","2026-06-06","correct","B1",""
"seed-625","the credit card","die Kreditkarte","noun","alltag","learning","1","1","0","0","2026-06-06","correct","B1",""
"seed-626","the account balance","der Kontostand","noun","alltag","learning","2","3","1","0","2026-06-08","correct","B1",""
"seed-627","the payment","die Zahlung","noun","alltag","learning","1","1","0","0","2026-06-06","correct","B1",""
"seed-628","the direct debit","die Lastschrift","noun","alltag","mastered","4","6","2","0","2026-06-19","correct","B1",""
"seed-629","the installment","die Rate","noun","alltag","learning","2","3","1","0","2026-06-08","correct","B1",""
"seed-630","the amount","der Betrag","noun","alltag","learning","1","1","0","0","2026-06-07","correct","B1",""
"seed-631","the tax","die Steuer","noun","alltag","learning","1","1","0","0","2026-06-07","correct","B1",""
"seed-632","the fee in daily life","die Gebühr","noun","alltag","learning","2","3","1","0","2026-06-08","correct","B1",""
"seed-633","the reminder fee","die Mahngebühr","noun","alltag","mastered","3","14","6","1","2026-06-21","correct","B1",""
"seed-634","the subscription","das Abo","noun","alltag","mastered","3","6","2","1","2026-06-14","correct","B1",""
"seed-635","the contract cancellation","die Vertragskündigung","noun","alltag","learning","1","1","0","0","2026-06-07","correct","B1",""
"seed-636","the customer service","der Kundenservice","noun","alltag","learning","1","2","0","0","2026-06-11","correct","B1",""
"seed-637","the password","das Passwort","noun","alltag","learning","1","1","0","0","2026-06-08","correct","B1",""
"seed-638","the username","der Benutzername","noun","alltag","learning","1","1","0","0","2026-06-08","correct","B1",""
"seed-639","the app","die App","noun","alltag","learning","1","1","0","0","2026-06-06","correct","B1",""
"seed-640","the website","die Webseite","noun","alltag","learning","1","1","0","0","2026-06-08","correct","B1",""
"seed-641","the login","die Anmeldung","noun","alltag","learning","2","3","1","0","2026-06-08","correct","B1",""
"seed-642","the connection online","die Internetverbindung","noun","alltag","learning","1","1","0","0","2026-06-08","correct","B1",""
"seed-643","the data volume","das Datenvolumen","noun","alltag","learning","1","2","0","0","2026-07-08","correct","B1",""
"seed-644","the mobile contract","der Handyvertrag","noun","alltag","learning","1","2","0","0","2026-07-08","correct","B1",""
"seed-645","to transfer money","Geld überweisen","phrase","alltag","learning","1","1","0","0","2026-06-08","correct","B1",""
"seed-646","to pay by card","mit Karte bezahlen","phrase","alltag","learning","1","1","0","0","2026-06-08","correct","B1",""
"seed-647","to cancel a contract","einen Vertrag kündigen","phrase","alltag","learning","1","1","0","0","2026-06-08","correct","B1",""
"seed-648","to log in","sich anmelden","verb","alltag","learning","1","1","0","0","2026-06-08","correct","B1",""
"seed-649","to log out","sich abmelden","verb","alltag","learning","1","1","0","0","2026-06-08","correct","B1",""
"seed-650","to download","herunterladen","verb","alltag","learning","1","1","0","0","2026-06-08","correct","B1",""
"seed-651","to upload","hochladen","verb","alltag","learning","1","1","0","0","2026-06-08","correct","B1",""
"seed-652","to save","speichern","verb","alltag","learning","1","1","0","0","2026-06-08","correct","B1",""
"seed-653","to delete","löschen","verb","alltag","learning","1","1","0","0","2026-06-08","correct","B1",""
"seed-654","to open","öffnen","verb","alltag","learning","1","1","0","0","2026-06-08","correct","B1",""
"seed-655","to close","schließen","verb","alltag","learning","1","1","0","0","2026-06-08","correct","B1",""
"seed-656","to send","senden","verb","alltag","learning","1","1","0","0","2026-06-08","correct","B1",""
"seed-657","to receive","empfangen","verb","alltag","mastered","3","8","4","0","2026-06-18","correct","B1",""
"seed-658","digital","digital","adjective","alltag","learning","1","1","0","0","2026-06-08","correct","B1",""
"seed-659","secure","sicher","adjective","alltag","learning","1","1","0","0","2026-06-08","correct","B1",""
"seed-660","private","privat","adjective","alltag","learning","1","1","0","0","2026-06-08","correct","B1",""
"seed-661","public","öffentlich","adjective","alltag","learning","1","1","0","0","2026-06-08","correct","B1",""
"seed-662","the responsibility area","der Verantwortungsbereich","noun","arbeit","new","0","0","0","0","","","B2",""
"seed-663","the leadership","die Führung","noun","arbeit","new","0","0","0","0","","","B2",""
"seed-664","the management","die Geschäftsführung","noun","arbeit","new","0","0","0","0","","","B2",""
"seed-665","the company","das Unternehmen","noun","arbeit","new","0","0","0","0","","","B2",""
"seed-666","the department head","die Abteilungsleitung","noun","arbeit","new","0","0","0","0","","","B2",""
"seed-667","the human resources department","die Personalabteilung","noun","arbeit","new","0","0","0","0","","","B2",""
"seed-668","the job interview","das Vorstellungsgespräch","noun","arbeit","learning","0","1","0","0","2026-06-19","correct","B2",""
"seed-669","the cover letter","das Anschreiben","noun","arbeit","new","0","0","0","0","","","B2",""
"seed-670","the resume","der Lebenslauf","noun","arbeit","new","0","0","0","0","","","B2",""
"seed-671","the certificate at work","das Zeugnis","noun","arbeit","new","0","0","0","0","","","B2",""
"seed-672","the reference","die Referenz","noun","arbeit","new","0","0","0","0","","","B2",""
"seed-673","the position","die Stelle","noun","arbeit","new","0","0","0","0","","","B2",""
"seed-674","the task area","das Aufgabengebiet","noun","arbeit","new","0","0","0","0","","","B2",""
"seed-675","the working condition","die Arbeitsbedingung","noun","arbeit","new","0","0","0","0","","","B2",""
"seed-676","the overtime","die Überstunde","noun","arbeit","new","0","0","0","0","","","B2",""
"seed-677","the vacation day","der Urlaubstag","noun","arbeit","new","0","0","0","0","","","B2",""
"seed-678","the sick note","die Krankmeldung","noun","arbeit","learning","0","1","0","0","2026-06-18","correct","B2",""
"seed-679","the payroll","die Gehaltsabrechnung","noun","arbeit","new","0","0","0","0","","","B2",""
"seed-680","the tax class","die Steuerklasse","noun","arbeit","new","0","0","0","0","","","B2",""
"seed-681","the social contribution","der Sozialbeitrag","noun","arbeit","new","0","0","0","0","","","B2",""
"seed-682","the pension insurance","die Rentenversicherung","noun","arbeit","new","0","0","0","0","","","B2",""
"seed-683","the unemployment insurance","die Arbeitslosenversicherung","noun","arbeit","new","0","0","0","0","","","B2",""
"seed-684","the accident insurance","die Unfallversicherung","noun","arbeit","new","0","0","0","0","","","B2",""
"seed-685","the employment agency","die Arbeitsagentur","noun","arbeit","new","0","0","0","0","","","B2",""
"seed-686","the training program","die Ausbildung","noun","arbeit","new","0","0","0","0","","","B2",""
"seed-687","the apprentice","der Auszubildende","noun","arbeit","new","0","0","0","0","","","B2","Short form: der Azubi."
"seed-688","the qualification","die Qualifikation","noun","arbeit","new","0","0","0","0","","","B2",""
"seed-689","the certificate of completion","der Abschluss","noun","arbeit","new","0","0","0","0","","","B2",""
"seed-690","the responsibility handover","die Übergabe","noun","arbeit","new","0","0","0","0","","","B2",""
"seed-691","the agreement","die Vereinbarung","noun","arbeit","new","0","0","0","0","","","B2",""
"seed-692","the negotiation round","die Verhandlungsrunde","noun","arbeit","new","0","0","0","0","","","B2",""
"seed-693","the budget","das Budget","noun","arbeit","new","0","0","0","0","","","B2",""
"seed-694","the expense","die Ausgabe","noun","arbeit","new","0","0","0","0","","","B2",""
"seed-695","the revenue","der Umsatz","noun","arbeit","new","0","0","0","0","","","B2",""
"seed-696","the profit","der Gewinn","noun","arbeit","new","0","0","0","0","","","B2",""
"seed-697","the loss","der Verlust","noun","arbeit","new","0","0","0","0","","","B2",""
"seed-698","the target group","die Zielgruppe","noun","arbeit","new","0","0","0","0","","","B2",""
"seed-699","the market","der Markt","noun","arbeit","new","0","0","0","0","","","B2",""
"seed-700","the offer as proposal","das Angebot","noun","arbeit","new","0","0","0","0","","","B2",""
"seed-701","the proposal","das Angebotsschreiben","noun","arbeit","new","0","0","0","0","","","B2",""
"seed-702","the invoice number","die Rechnungsnummer","noun","arbeit","new","0","0","0","0","","","B2",""
"seed-703","the due date","das Fälligkeitsdatum","noun","arbeit","new","0","0","0","0","","","B2",""
"seed-704","to apply for a job","sich auf eine Stelle bewerben","phrase","arbeit","new","0","0","0","0","","","B2",""
"seed-705","to arrange a meeting","einen Termin vereinbaren","phrase","arbeit","learning","0","2","0","0","2026-07-08","half","B2",""
"seed-706","to take responsibility","Verantwortung übernehmen","phrase","arbeit","new","0","0","0","0","","","B2",""
"seed-707","to hand over","übergeben","verb","arbeit","new","0","0","0","0","","","B2",""
"seed-708","to delegate","delegieren","verb","arbeit","new","0","0","0","0","","","B2",""
"seed-709","to clarify","klären","verb","arbeit","new","0","0","0","0","","","B2",""
"seed-710","to coordinate","abstimmen","verb","arbeit","new","0","0","0","0","","","B2",""
"seed-711","to implement","umsetzen","verb","arbeit","new","0","0","0","0","","","B2",""
"seed-712","to document","dokumentieren","verb","arbeit","new","0","0","0","0","","","B2",""
"seed-713","to evaluate","bewerten","verb","arbeit","new","0","0","0","0","","","B2",""
"seed-714","to estimate","einschätzen","verb","arbeit","new","0","0","0","0","","","B2",""
"seed-715","to request","anfordern","verb","arbeit","new","0","0","0","0","","","B2",""
"seed-716","to approve at work","freigeben","verb","arbeit","new","0","0","0","0","","","B2",""
"seed-717","to reject a proposal","ablehnen","verb","arbeit","new","0","0","0","0","","","B2",""
"seed-718","independent","eigenständig","adjective","arbeit","new","0","0","0","0","","","B2",""
"seed-719","responsible","verantwortlich","adjective","arbeit","new","0","0","0","0","","","B2",""
"seed-720","efficient","effizient","adjective","arbeit","new","0","0","0","0","","","B2",""
"seed-721","transparent","transparent","adjective","arbeit","new","0","0","0","0","","","B2",""
"seed-722","binding","verbindlich","adjective","arbeit","new","0","0","0","0","","","B2",""
"seed-723","the consumer","der Verbraucher","noun","alltag","new","0","0","0","0","","","B2","Female: die Verbraucherin."
"seed-724","the consumer protection","der Verbraucherschutz","noun","alltag","new","0","0","0","0","","","B2",""
"seed-725","the membership","die Mitgliedschaft","noun","alltag","new","0","0","0","0","","","B2",""
"seed-726","the notice period","die Kündigungsfrist","noun","alltag","learning","0","1","0","0","2026-07-08","correct","B2",""
"seed-727","the cancellation confirmation","die Kündigungsbestätigung","noun","alltag","new","0","0","0","0","","","B2",""
"seed-728","the subscription fee","der Mitgliedsbeitrag","noun","alltag","new","0","0","0","0","","","B2",""
"seed-729","the security deposit","die Sicherheitsleistung","noun","alltag","new","0","0","0","0","","","B2",""
"seed-730","the insurance policy","die Versicherungspolice","noun","alltag","new","0","0","0","0","","","B2",""
"seed-731","the claim","der Anspruch","noun","alltag","new","0","0","0","0","","","B2",""
"seed-732","the support hotline","die Hotline","noun","alltag","new","0","0","0","0","","","B2",""
"seed-733","the waiting loop","die Warteschleife","noun","alltag","new","0","0","0","0","","","B2",""
"seed-734","the callback","der Rückruf","noun","alltag","new","0","0","0","0","","","B2",""
"seed-735","the replacement device","das Ersatzgerät","noun","alltag","new","0","0","0","0","","","B2",""
"seed-736","the warranty claim","der Garantiefall","noun","alltag","new","0","0","0","0","","","B2",""
"seed-737","the defect","der Mangel","noun","alltag","new","0","0","0","0","","","B2",""
"seed-738","the complaint department","die Reklamationsabteilung","noun","alltag","new","0","0","0","0","","","B2",""
"seed-739","the refund","die Erstattung","noun","alltag","new","0","0","0","0","","","B2",""
"seed-740","the voucher","der Gutschein","noun","alltag","new","0","0","0","0","","","B2",""
"seed-741","the confirmation","die Bestätigung","noun","alltag","learning","0","1","0","0","2026-06-11","correct","B2",""
"seed-742","the notification","die Benachrichtigung","noun","alltag","learning","0","1","0","0","2026-06-15","correct","B2",""
"seed-743","the setting","die Einstellung","noun","alltag","new","0","0","0","0","","","B2",""
"seed-744","the permission","die Berechtigung","noun","alltag","new","0","0","0","0","","","B2",""
"seed-745","the privacy","die Privatsphäre","noun","alltag","new","0","0","0","0","","","B2",""
"seed-746","the data protection","der Datenschutz","noun","alltag","new","0","0","0","0","","","B2",""
"seed-747","the terms and conditions","die AGB","noun","alltag","new","0","0","0","0","","","B2","Short for Allgemeine Geschäftsbedingungen."
"seed-748","the password reset","das Zurücksetzen des Passworts","phrase","alltag","new","0","0","0","0","","","B2",""
"seed-749","the confirmation code","der Bestätigungscode","noun","alltag","new","0","0","0","0","","","B2",""
"seed-750","the device","das Gerät","noun","alltag","new","0","0","0","0","","","B2",""
"seed-751","the charger","das Ladegerät","noun","alltag","new","0","0","0","0","","","B2",""
"seed-752","the screen","der Bildschirm","noun","alltag","new","0","0","0","0","","","B2",""
"seed-753","the keyboard","die Tastatur","noun","alltag","new","0","0","0","0","","","B2",""
"seed-754","the mouse","die Maus","noun","alltag","new","0","0","0","0","","","B2",""
"seed-755","the headphones","die Kopfhörer","noun","alltag","new","0","0","0","0","","","B2",""
"seed-756","the receipt number","die Belegnummer","noun","alltag","new","0","0","0","0","","","B2",""
"seed-757","the delivery address","die Lieferadresse","noun","alltag","new","0","0","0","0","","","B2",""
"seed-758","the billing address","die Rechnungsadresse","noun","alltag","new","0","0","0","0","","","B2",""
"seed-759","to complain about goods","reklamieren","verb","alltag","new","0","0","0","0","","","B2",""
"seed-760","to request a refund","eine Erstattung beantragen","phrase","alltag","new","0","0","0","0","","","B2",""
"seed-761","to activate","aktivieren","verb","alltag","new","0","0","0","0","","","B2",""
"seed-762","to deactivate","deaktivieren","verb","alltag","new","0","0","0","0","","","B2",""
"seed-763","to update","aktualisieren","verb","alltag","new","0","0","0","0","","","B2",""
"seed-764","to connect","verbinden","verb","alltag","new","0","0","0","0","","","B2",""
"seed-765","to disconnect","trennen","verb","alltag","new","0","0","0","0","","","B2",""
"seed-766","to reset","zurücksetzen","verb","alltag","new","0","0","0","0","","","B2",""
"seed-767","to enter a code","einen Code eingeben","phrase","alltag","new","0","0","0","0","","","B2",""
"seed-768","to scan","scannen","verb","alltag","new","0","0","0","0","","","B2",""
"seed-769","to print out","ausdrucken","verb","alltag","new","0","0","0","0","","","B2",""
"seed-770","to request support","Support anfordern","phrase","alltag","new","0","0","0","0","","","B2",""
"seed-771","available online","online verfügbar","phrase","alltag","new","0","0","0","0","","","B2",""
"seed-772","out of stock","nicht vorrätig","phrase","alltag","new","0","0","0","0","","","B2",""
"seed-773","the blood pressure","der Blutdruck","noun","gesundheit","new","0","0","0","0","","","B2",""
"seed-774","the blood test","die Blutuntersuchung","noun","gesundheit","new","0","0","0","0","","","B2",""
"seed-775","the laboratory result","der Laborwert","noun","gesundheit","new","0","0","0","0","","","B2",""
"seed-776","the medical finding","der Befund","noun","gesundheit","new","0","0","0","0","","","B2",""
"seed-777","the infection","die Infektion","noun","gesundheit","new","0","0","0","0","","","B2",""
"seed-778","the inflammation","die Entzündung","noun","gesundheit","new","0","0","0","0","","","B2",""
"seed-779","the wound","die Wunde","noun","gesundheit","new","0","0","0","0","","","B2",""
"seed-780","the injury","die Verletzung","noun","gesundheit","new","0","0","0","0","","","B2",""
"seed-781","the fracture","der Bruch","noun","gesundheit","new","0","0","0","0","","","B2",""
"seed-782","the swelling","die Schwellung","noun","gesundheit","new","0","0","0","0","","","B2",""
"seed-783","the rash","der Ausschlag","noun","gesundheit","new","0","0","0","0","","","B2",""
"seed-784","the side effect","die Nebenwirkung","noun","gesundheit","new","0","0","0","0","","","B2",""
"seed-785","the dosage","die Dosierung","noun","gesundheit","new","0","0","0","0","","","B2",""
"seed-786","the package leaflet","die Packungsbeilage","noun","gesundheit","new","0","0","0","0","","","B2",""
"seed-787","the emergency service","der Notdienst","noun","gesundheit","new","0","0","0","0","","","B2",""
"seed-788","the ambulance","der Krankenwagen","noun","gesundheit","new","0","0","0","0","","","B2",""
"seed-789","the caregiver","die Pflegekraft","noun","gesundheit","new","0","0","0","0","","","B2",""
"seed-790","the care insurance","die Pflegeversicherung","noun","gesundheit","new","0","0","0","0","","","B2",""
"seed-791","the mental health","die psychische Gesundheit","noun","gesundheit","new","0","0","0","0","","","B2",""
"seed-792","the therapy appointment","der Therapietermin","noun","gesundheit","new","0","0","0","0","","","B2",""
"seed-793","the stress symptom","das Stresssymptom","noun","gesundheit","new","0","0","0","0","","","B2",""
"seed-794","the sleep problem","das Schlafproblem","noun","gesundheit","new","0","0","0","0","","","B2",""
"seed-795","the nutrition","die Ernährung","noun","gesundheit","new","0","0","0","0","","","B2",""
"seed-796","the movement","die Bewegung","noun","gesundheit","new","0","0","0","0","","","B2",""
"seed-797","the prevention","die Vorsorge","noun","gesundheit","new","0","0","0","0","","","B2",""
"seed-798","the checkup","die Vorsorgeuntersuchung","noun","gesundheit","new","0","0","0","0","","","B2",""
"seed-799","to make an appointment with a specialist","einen Facharzttermin vereinbaren","phrase","gesundheit","new","0","0","0","0","","","B2",""
"seed-800","to describe symptoms","Symptome beschreiben","phrase","gesundheit","new","0","0","0","0","","","B2",""
"seed-801","to tolerate medicine","ein Medikament vertragen","phrase","gesundheit","new","0","0","0","0","","","B2",""
"seed-802","to stop taking medicine","ein Medikament absetzen","phrase","gesundheit","new","0","0","0","0","","","B2",""
"seed-803","to cool a wound","eine Wunde kühlen","phrase","gesundheit","new","0","0","0","0","","","B2",""
"seed-804","to disinfect","desinfizieren","verb","gesundheit","new","0","0","0","0","","","B2",""
"seed-805","to bandage","verbinden","verb","gesundheit","new","0","0","0","0","","","B2",""
"seed-806","to diagnose","diagnostizieren","verb","gesundheit","new","0","0","0","0","","","B2",""
"seed-807","to prevent","vorbeugen","verb","gesundheit","new","0","0","0","0","","","B2",""
"seed-808","to reduce stress","Stress abbauen","phrase","gesundheit","new","0","0","0","0","","","B2",""
"seed-809","chronic","chronisch","adjective","gesundheit","new","0","0","0","0","","","B2",""
"seed-810","acute","akut","adjective","gesundheit","new","0","0","0","0","","","B2",""
"seed-811","painful","schmerzhaft","adjective","gesundheit","new","0","0","0","0","","","B2",""
"seed-812","harmless","harmlos","adjective","gesundheit","new","0","0","0","0","","","B2",""
"seed-813","serious","ernst","adjective","gesundheit","new","0","0","0","0","","","B2",""
"seed-814","insured","versichert","adjective","gesundheit","new","0","0","0","0","","","B2",""
"seed-815","private health insured","privat versichert","phrase","gesundheit","new","0","0","0","0","","","B2",""
"seed-816","statutory health insured","gesetzlich versichert","phrase","gesundheit","new","0","0","0","0","","","B2",""
"seed-817","the social security number","die Sozialversicherungsnummer","noun","behörden","new","0","0","0","0","","","B2",""
"seed-818","the pension notice","der Rentenbescheid","noun","behörden","new","0","0","0","0","","","B2",""
"seed-819","the contribution statement","die Beitragsbescheinigung","noun","behörden","new","0","0","0","0","","","B2",""
"seed-820","the employment certificate","die Arbeitsbescheinigung","noun","behörden","new","0","0","0","0","","","B2",""
"seed-821","the certificate of good conduct","das Führungszeugnis","noun","behörden","new","0","0","0","0","","","B2",""
"seed-822","the residence registration","die Wohnsitzanmeldung","noun","behörden","new","0","0","0","0","","","B2",""
"seed-823","the deregistration confirmation","die Abmeldebestätigung","noun","behörden","new","0","0","0","0","","","B2",""
"seed-824","the change of address","die Adressänderung","noun","behörden","new","0","0","0","0","","","B2",""
"seed-825","the civil registry office","das Standesamt","noun","behörden","new","0","0","0","0","","","B2",""
"seed-826","the marriage certificate","die Heiratsurkunde","noun","behörden","new","0","0","0","0","","","B2",""
"seed-827","the driving license office","die Führerscheinstelle","noun","behörden","new","0","0","0","0","","","B2",""
"seed-828","the vehicle registration office","die Zulassungsstelle","noun","behörden","new","0","0","0","0","","","B2",""
"seed-829","the registration certificate for car","die Zulassungsbescheinigung","noun","behörden","new","0","0","0","0","","","B2",""
"seed-830","the license plate","das Kennzeichen","noun","behörden","new","0","0","0","0","","","B2",""
"seed-831","the fine","das Bußgeld","noun","behörden","new","0","0","0","0","","","B2",""
"seed-832","the objection","der Widerspruch","noun","behörden","new","0","0","0","0","","","B2",""
"seed-833","the deadline extension","die Fristverlängerung","noun","behörden","new","0","0","0","0","","","B2",""
"seed-834","the processing fee","die Bearbeitungsgebühr","noun","behörden","new","0","0","0","0","","","B2",""
"seed-835","the appointment booking","die Terminbuchung","noun","behörden","new","0","0","0","0","","","B2",""
"seed-836","the online application","der Online-Antrag","noun","behörden","new","0","0","0","0","","","B2",""
"seed-837","the user account","das Nutzerkonto","noun","behörden","new","0","0","0","0","","","B2",""
"seed-838","the consent","die Zustimmung","noun","behörden","new","0","0","0","0","","","B2",""
"seed-839","the power of attorney","die Vollmacht","noun","behörden","new","0","0","0","0","","","B2",""
"seed-840","the authorized person","die bevollmächtigte Person","noun","behörden","new","0","0","0","0","","","B2",""
"seed-841","the original document","das Originaldokument","noun","behörden","new","0","0","0","0","","","B2",""
"seed-842","the missing document","die fehlende Unterlage","noun","behörden","new","0","0","0","0","","","B2",""
"seed-843","the certified copy","die beglaubigte Kopie","noun","behörden","new","0","0","0","0","","","B2",""
"seed-844","the sworn translation","die beglaubigte Übersetzung","noun","behörden","new","0","0","0","0","","","B2",""
"seed-845","to submit later","nachreichen","verb","behörden","mastered","4","4","0","0","2026-07-09","correct","B2",""
"seed-846","to make an objection","Widerspruch einlegen","phrase","behörden","new","0","0","0","0","","","B2",""
"seed-847","to extend a deadline","eine Frist verlängern","phrase","behörden","new","0","0","0","0","","","B2",""
"seed-848","to book an appointment","einen Termin buchen","phrase","behörden","new","0","0","0","0","","","B2",""
"seed-849","to upload documents","Unterlagen hochladen","phrase","behörden","new","0","0","0","0","","","B2",""
"seed-850","to prove identity","die Identität nachweisen","phrase","behörden","new","0","0","0","0","","","B2",""
"seed-851","to authorize someone","jemanden bevollmächtigen","phrase","behörden","new","0","0","0","0","","","B2",""
"seed-852","to register a car","ein Auto zulassen","phrase","behörden","new","0","0","0","0","","","B2",""
"seed-853","to pay a fine","ein Bußgeld bezahlen","phrase","behörden","new","0","0","0","0","","","B2",""
"seed-854","subject to approval","genehmigungspflichtig","adjective","behörden","new","0","0","0","0","","","B2",""
"seed-855","liable to pay contributions","beitragspflichtig","adjective","behörden","new","0","0","0","0","","","B2",""
"seed-856","taxable","steuerpflichtig","adjective","behörden","new","0","0","0","0","","","B2",""
"seed-857","valid until","gültig bis","phrase","behörden","new","0","0","0","0","","","B2",""
"seed-858","retroactive","rückwirkend","adjective","behörden","new","0","0","0","0","","","B2",""
"seed-859","legally binding","rechtsverbindlich","adjective","behörden","new","0","0","0","0","","","B2",""
"seed-860","responsible authority","zuständige Behörde","phrase","behörden","new","0","0","0","0","","","B2",""
"seed-861","the event","die Veranstaltung","noun","freizeit","new","0","0","0","0","","","B2",""
"seed-862","the guided tour","die Führung","noun","freizeit","new","0","0","0","0","","","B2",""
"seed-863","the entrance fee","der Eintritt","noun","freizeit","new","0","0","0","0","","","B2",""
"seed-864","the ticket reservation","die Kartenreservierung","noun","freizeit","new","0","0","0","0","","","B2",""
"seed-865","the seat","der Sitzplatz","noun","freizeit","new","0","0","0","0","","","B2",""
"seed-866","the standing room","der Stehplatz","noun","freizeit","new","0","0","0","0","","","B2",""
"seed-867","the stage","die Bühne","noun","freizeit","new","0","0","0","0","","","B2",""
"seed-868","the audience","das Publikum","noun","freizeit","new","0","0","0","0","","","B2",""
"seed-869","the performance","die Aufführung","noun","freizeit","new","0","0","0","0","","","B2",""
"seed-870","the review","die Bewertung","noun","freizeit","new","0","0","0","0","","","B2",""
"seed-871","the recommendation","die Empfehlung","noun","freizeit","new","0","0","0","0","","","B2",""
"seed-872","the destination","das Reiseziel","noun","freizeit","new","0","0","0","0","","","B2",""
"seed-873","the luggage","das Gepäck","noun","freizeit","new","0","0","0","0","","","B2",""
"seed-874","the suitcase","der Koffer","noun","freizeit","new","0","0","0","0","","","B2",""
"seed-875","the backpack","der Rucksack","noun","freizeit","new","0","0","0","0","","","B2",""
"seed-876","the boarding pass","die Bordkarte","noun","freizeit","new","0","0","0","0","","","B2",""
"seed-877","the accommodation booking","die Unterkunftsbuchung","noun","freizeit","new","0","0","0","0","","","B2",""
"seed-878","the cancellation fee","die Stornogebühr","noun","freizeit","new","0","0","0","0","","","B2",""
"seed-879","the travel insurance","die Reiseversicherung","noun","freizeit","new","0","0","0","0","","","B2",""
"seed-880","the sightseeing","die Besichtigung","noun","freizeit","new","0","0","0","0","","","B2",""
"seed-881","the menu","die Speisekarte","noun","freizeit","new","0","0","0","0","","","B2",""
"seed-882","the starter","die Vorspeise","noun","freizeit","new","0","0","0","0","","","B2",""
"seed-883","the main course","das Hauptgericht","noun","freizeit","new","0","0","0","0","","","B2",""
"seed-884","the dessert","die Nachspeise","noun","freizeit","new","0","0","0","0","","","B2",""
"seed-885","the tip","das Trinkgeld","noun","freizeit","new","0","0","0","0","","","B2",""
"seed-886","the ingredient","die Zutat","noun","freizeit","new","0","0","0","0","","","B2",""
"seed-887","the allergy information","der Allergiehinweis","noun","freizeit","new","0","0","0","0","","","B2",""
"seed-888","to attend an event","eine Veranstaltung besuchen","phrase","freizeit","new","0","0","0","0","","","B2",""
"seed-889","to reserve seats","Sitzplätze reservieren","phrase","freizeit","new","0","0","0","0","","","B2",""
"seed-890","to recommend","empfehlen","verb","freizeit","learning","1","1","0","0","2026-07-08","correct","B2",""
"seed-891","to rate","bewerten","verb","freizeit","new","0","0","0","0","","","B2",""
"seed-892","to cancel a booking","eine Buchung stornieren","phrase","freizeit","new","0","0","0","0","","","B2",""
"seed-893","to check in","einchecken","verb","freizeit","new","0","0","0","0","","","B2",""
"seed-894","to check out","auschecken","verb","freizeit","new","0","0","0","0","","","B2",""
"seed-895","to pack","packen","verb","freizeit","new","0","0","0","0","","","B2",""
"seed-896","to unpack","auspacken","verb","freizeit","new","0","0","0","0","","","B2",""
"seed-897","to order food","Essen bestellen","phrase","freizeit","new","0","0","0","0","","","B2",""
"seed-898","to split the bill","die Rechnung teilen","phrase","freizeit","new","0","0","0","0","","","B2",""
"seed-899","to leave a tip","Trinkgeld geben","phrase","freizeit","new","0","0","0","0","","","B2",""
"seed-900","included","inbegriffen","adjective","freizeit","new","0","0","0","0","","","B2",""
"seed-901","not included","nicht inbegriffen","phrase","freizeit","new","0","0","0","0","","","B2",""
"seed-902","recommended","empfehlenswert","adjective","freizeit","new","0","0","0","0","","","B2",""
"seed-903","worth seeing","sehenswert","adjective","freizeit","new","0","0","0","0","","","B2",""
"seed-904","fully booked out","ausverkauft","adjective","freizeit","new","0","0","0","0","","","B2",""
"seed-905","the argument","das Argument","noun","abstrakt","new","0","0","0","0","","","B2",""
"seed-906","the counterargument","das Gegenargument","noun","abstrakt","new","0","0","0","0","","","B2",""
"seed-907","the claim","die Behauptung","noun","abstrakt","new","0","0","0","0","","","B2",""
"seed-908","the assumption","die Annahme","noun","abstrakt","new","0","0","0","0","","","B2",""
"seed-909","the conclusion","die Schlussfolgerung","noun","abstrakt","new","0","0","0","0","","","B2",""
"seed-910","the perspective","die Perspektive","noun","abstrakt","new","0","0","0","0","","","B2",""
"seed-911","the point of view","der Standpunkt","noun","abstrakt","new","0","0","0","0","","","B2",""
"seed-912","the compromise","der Kompromiss","noun","abstrakt","new","0","0","0","0","","","B2",""
"seed-913","the conflict","der Konflikt","noun","abstrakt","new","0","0","0","0","","","B2",""
"seed-914","the influence","der Einfluss","noun","abstrakt","new","0","0","0","0","","","B2",""
"seed-915","the impact","die Auswirkung","noun","abstrakt","new","0","0","0","0","","","B2",""
"seed-916","the measure","die Maßnahme","noun","abstrakt","new","0","0","0","0","","","B2",""
"seed-917","the risk","das Risiko","noun","abstrakt","new","0","0","0","0","","","B2",""
"seed-918","the chance","die Chance","noun","abstrakt","new","0","0","0","0","","","B2",""
"seed-919","the challenge","die Herausforderung","noun","abstrakt","new","0","0","0","0","","","B2",""
"seed-920","the demand","die Forderung","noun","abstrakt","new","0","0","0","0","","","B2",""
"seed-921","the supply","das Angebot","noun","abstrakt","new","0","0","0","0","","","B2",""
"seed-922","the need","der Bedarf","noun","abstrakt","new","0","0","0","0","","","B2",""
"seed-923","the society","die Gesellschaft","noun","abstrakt","new","0","0","0","0","","","B2",""
"seed-924","the population","die Bevölkerung","noun","abstrakt","new","0","0","0","0","","","B2",""
"seed-925","the integration","die Integration","noun","abstrakt","new","0","0","0","0","","","B2",""
"seed-926","the education","die Bildung","noun","abstrakt","new","0","0","0","0","","","B2",""
"seed-927","the equality","die Gleichberechtigung","noun","abstrakt","new","0","0","0","0","","","B2",""
"seed-928","the sustainability","die Nachhaltigkeit","noun","abstrakt","new","0","0","0","0","","","B2",""
"seed-929","the climate protection","der Klimaschutz","noun","abstrakt","new","0","0","0","0","","","B2",""
"seed-930","the energy","die Energie","noun","abstrakt","new","0","0","0","0","","","B2",""
"seed-931","the renewable energy","die erneuerbare Energie","noun","abstrakt","new","0","0","0","0","","","B2",""
"seed-932","the consumption","der Verbrauch","noun","abstrakt","new","0","0","0","0","","","B2",""
"seed-933","the resource","die Ressource","noun","abstrakt","new","0","0","0","0","","","B2",""
"seed-934","the waste","der Abfall","noun","abstrakt","new","0","0","0","0","","","B2",""
"seed-935","the pollution","die Verschmutzung","noun","abstrakt","new","0","0","0","0","","","B2",""
"seed-936","the responsibility in society","die Verantwortung","noun","abstrakt","new","0","0","0","0","","","B2",""
"seed-937","the participation","die Beteiligung","noun","abstrakt","new","0","0","0","0","","","B2",""
"seed-938","the decision making","die Entscheidungsfindung","noun","abstrakt","new","0","0","0","0","","","B2",""
"seed-939","the requirement in general","die Anforderung","noun","abstrakt","new","0","0","0","0","","","B2",""
"seed-940","to claim","behaupten","verb","abstrakt","new","0","0","0","0","","","B2",""
"seed-941","to assume","annehmen","verb","abstrakt","new","0","0","0","0","","","B2",""
"seed-942","to conclude","schlussfolgern","verb","abstrakt","new","0","0","0","0","","","B2",""
"seed-943","to point out","hinweisen auf","phrase","abstrakt","new","0","0","0","0","","","B2",""
"seed-944","to emphasize","betonen","verb","abstrakt","new","0","0","0","0","","","B2",""
"seed-945","to criticize","kritisieren","verb","abstrakt","new","0","0","0","0","","","B2",""
"seed-946","to support","unterstützen","verb","abstrakt","new","0","0","0","0","","","B2",""
"seed-947","to demand","fordern","verb","abstrakt","new","0","0","0","0","","","B2",""
"seed-948","to promote","fördern","verb","abstrakt","new","0","0","0","0","","","B2",""
"seed-949","to prevent","verhindern","verb","abstrakt","new","0","0","0","0","","","B2",""
"seed-950","to enable","ermöglichen","verb","abstrakt","new","0","0","0","0","","","B2",""
"seed-951","to limit","einschränken","verb","abstrakt","new","0","0","0","0","","","B2",""
"seed-952","to increase","erhöhen","verb","abstrakt","new","0","0","0","0","","","B2",""
"seed-953","to reduce","verringern","verb","abstrakt","new","0","0","0","0","","","B2",""
"seed-954","to replace","ersetzen","verb","abstrakt","new","0","0","0","0","","","B2",""
"seed-955","to participate","sich beteiligen","verb","abstrakt","new","0","0","0","0","","","B2",""
"seed-956","to contribute","beitragen","verb","abstrakt","new","0","0","0","0","","","B2",""
"seed-957","to take into account","berücksichtigen","verb","abstrakt","new","0","0","0","0","","","B2",""
"seed-958","to distinguish","unterscheiden","verb","abstrakt","new","0","0","0","0","","","B2",""
"seed-959","to relate to","sich beziehen auf","phrase","abstrakt","new","0","0","0","0","","","B2",""
"seed-960","convincing","überzeugend","adjective","abstrakt","new","0","0","0","0","","","B2",""
"seed-961","controversial","umstritten","adjective","abstrakt","new","0","0","0","0","","","B2",""
"seed-962","sustainable","nachhaltig","adjective","abstrakt","new","0","0","0","0","","","B2",""
"seed-963","social","sozial","adjective","abstrakt","new","0","0","0","0","","","B2",""
"seed-964","economic","wirtschaftlich","adjective","abstrakt","new","0","0","0","0","","","B2",""
"seed-965","political","politisch","adjective","abstrakt","new","0","0","0","0","","","B2",""
"seed-966","legal","rechtlich","adjective","abstrakt","new","0","0","0","0","","","B2",""
"seed-967","environmentally friendly","umweltfreundlich","adjective","abstrakt","new","0","0","0","0","","","B2",""
"seed-968","limited","begrenzt","adjective","abstrakt","new","0","0","0","0","","","B2",""
"seed-969","necessary in general","erforderlich","adjective","abstrakt","new","0","0","0","0","","","B2",""
"seed-970","on the one hand","einerseits","adverb","abstrakt","new","0","0","0","0","","","B2",""
"seed-971","on the other hand","andererseits","adverb","abstrakt","new","0","0","0","0","","","B2",""
"seed-972","in addition","außerdem","adverb","abstrakt","new","0","0","0","0","","","B2",""
"seed-973","however","allerdings","adverb","abstrakt","new","0","0","0","0","","","B2",""
"seed-974","nevertheless","dennoch","adverb","abstrakt","new","0","0","0","0","","","B2",""
"seed-975","consequently","folglich","adverb","abstrakt","new","0","0","0","0","","","B2",""
"seed-976","the appointment reminder","die Terminerinnerung","noun","alltag","learning","1","1","0","0","2026-06-08","correct","B1",""
"seed-977","the waiting room","das Wartezimmer","noun","alltag","mastered","3","7","2","3","2026-06-18","correct","B1",""
"seed-978","the entrance","der Eingang","noun","alltag","mastered","3","4","1","1","2026-06-18","correct","B1",""
"seed-979","the exit from a building","der Ausgang","noun","alltag","mastered","3","6","1","2","2026-07-14","correct","B1",""
"seed-980","the floor in a building","die Etage","noun","alltag","mastered","3","9","4","0","2026-06-24","correct","B1",""
"seed-981","the stairs","die Treppe","noun","alltag","mastered","3","7","1","3","2026-06-24","correct","B1",""
"seed-982","the information desk","die Information","noun","alltag","mastered","3","7","2","2","2026-06-18","correct","B1",""
"seed-983","the sign","das Schild","noun","alltag","mastered","3","7","3","1","2026-06-17","correct","B1",""
"seed-984","the instruction","die Anweisung","noun","alltag","learning","1","1","0","0","2026-06-08","correct","B1",""
"seed-985","the notice","der Hinweis","noun","alltag","learning","1","1","0","0","2026-06-08","correct","B1",""
"seed-986","the opening time","die Öffnungszeit","noun","alltag","learning","1","1","0","0","2026-06-08","correct","B1",""
"seed-987","the closing time","die Schließzeit","noun","alltag","learning","1","1","0","0","2026-06-08","correct","B1",""
"seed-988","the lost property office","das Fundbüro","noun","alltag","mastered","3","8","3","0","2026-07-05","correct","B1",""
"seed-989","the lost item","der verlorene Gegenstand","noun","alltag","mastered","3","11","4","1","2026-07-01","correct","B1",""
"seed-990","the emergency exit","der Notausgang","noun","alltag","learning","1","1","0","0","2026-06-09","correct","B1",""
"seed-991","the meeting point","der Treffpunkt","noun","alltag","learning","1","1","0","0","2026-06-09","correct","B1",""
"seed-992","to stand in line","sich anstellen","verb","alltag","learning","2","3","1","0","2026-06-18","correct","B1",""
"seed-993","to ask for directions","nach dem Weg fragen","phrase","alltag","mastered","3","8","3","0","2026-07-11","correct","B1",""
"seed-994","to follow a sign","einem Schild folgen","phrase","alltag","mastered","3","10","4","0","2026-07-07","correct","B1",""
"seed-995","to show an ID","einen Ausweis zeigen","phrase","alltag","mastered","3","8","4","0","2026-07-05","correct","B1",""
"seed-996","to pick something up","etwas abholen","phrase","alltag","mastered","3","3","1","0","2026-06-18","correct","B1",""
"seed-997","to drop something off","etwas abgeben","phrase","alltag","mastered","3","6","2","0","2026-07-12","correct","B1",""
"seed-998","to be on time","rechtzeitig da sein","phrase","alltag","mastered","3","9","3","0","2026-07-14","correct","B1",""
"seed-999","nearby","in der Nähe","phrase","alltag","learning","1","2","0","0","2026-07-13","correct","B1",""
"seed-1000","on the left","auf der linken Seite","phrase","alltag","mastered","3","6","2","0","2026-07-12","correct","B1",""
"seed-1001","on the right","auf der rechten Seite","phrase","alltag","mastered","3","12","6","3","2026-06-18","correct","B1",""
"seed-128","the apple","der Apfel","noun","alltag","mastered","4","31","2","7","2026-07-21","correct","A1",""
"seed-129","the bread","das Brot","noun","alltag","mastered","3","23","2","1","2026-07-16","correct","A1",""
"seed-131","the coffee","der Kaffee","noun","alltag","mastered","4","26","2","1","2026-07-21","correct","A1",""
"seed-132","the milk","die Milch","noun","alltag","mastered","4","24","4","4","2026-07-22","correct","A1",""
"seed-133","the cheese","der Käse","noun","alltag","learning","2","16","3","1","2026-07-22","correct","A1",""
"seed-134","the egg","das Ei","noun","alltag","mastered","7","22","6","1","2026-07-18","correct","A1",""
"seed-135","the rice","der Reis","noun","alltag","mastered","3","28","7","5","2026-07-17","correct","A1",""
"seed-136","the money","das Geld","noun","alltag","mastered","3","5","2","0","2026-07-11","correct","A1",""
"seed-137","the house","das Haus","noun","alltag","mastered","6","16","5","0","2026-07-17","correct","A1",""
"seed-138","the street","die Straße","noun","alltag","mastered","3","24","2","0","2026-07-22","wrong","A1",""
"seed-139","the city","die Stadt","noun","alltag","mastered","4","23","5","2","2026-07-17","correct","A1",""
"seed-140","the day","der Tag","noun","alltag","mastered","9","10","1","0","2026-07-17","correct","A1",""
"seed-141","the week","die Woche","noun","alltag","mastered","4","10","3","1","2026-07-18","correct","A1",""
"seed-142","the morning","der Morgen","noun","alltag","mastered","3","6","3","0","2026-07-16","correct","A1",""
"seed-143","the evening","der Abend","noun","alltag","mastered","9","19","1","1","2026-07-22","correct","A1",""
"seed-144","the name","der Name","noun","alltag","mastered","3","3","1","0","2026-07-12","correct","A1",""
"seed-145","the person","die Person","noun","alltag","mastered","14","17","0","3","2026-07-22","correct","A1",""
"seed-146","the child","das Kind","noun","alltag","learning","1","4","1","0","2026-07-15","correct","A1",""
"seed-147","the woman","die Frau","noun","alltag","mastered","3","4","1","1","2026-07-17","correct","A1",""
"seed-148","the man","der Mann","noun","alltag","mastered","3","3","1","0","2026-07-12","correct","A1",""
"seed-149","to eat","essen","verb","alltag","mastered","14","14","0","0","2026-07-21","correct","A1",""
"seed-150","to drink","trinken","verb","alltag","mastered","3","4","0","3","2026-07-22","half","A1",""
"seed-151","to buy","kaufen","verb","alltag","mastered","6","14","0","5","2026-07-21","correct","A1",""
"seed-152","to have","haben","verb","alltag","mastered","3","8","2","0","2026-07-17","correct","A1",""
"seed-153","to be","sein","verb","alltag","learning","1","5","2","0","2026-07-17","correct","A1",""
"seed-154","to live","wohnen","verb","alltag","mastered","11","11","0","0","2026-07-21","correct","A1",""
"seed-155","to come","kommen","verb","alltag","mastered","7","9","1","0","2026-07-21","correct","A1",""
"seed-156","to go","gehen","verb","alltag","mastered","3","5","3","0","2026-07-20","correct","A1",""
"seed-157","good","gut","adjective","alltag","mastered","3","3","1","0","2026-07-15","correct","A1",""
"seed-158","bad","schlecht","adjective","alltag","mastered","6","8","0","1","2026-07-21","correct","A1",""
"seed-159","small","klein","adjective","alltag","mastered","3","4","0","3","2026-07-22","half","A1",""
"seed-160","big","groß","adjective","alltag","learning","2","7","1","2","2026-07-21","correct","A1",""
"seed-161","new","neu","adjective","alltag","learning","2","4","0","1","2026-07-21","correct","A1",""
"seed-162","old","alt","adjective","alltag","mastered","3","3","1","0","2026-07-16","correct","A1",""
"seed-163","today","heute","adverb","alltag","learning","2","2","0","0","2026-07-18","correct","A1",""
"seed-164","tomorrow","morgen","adverb","alltag","mastered","3","1","1","0","2026-07-22","wrong","A1",""
"1ed3136e-3d39-485b-b413-46ab241b018e","the bicycle","das Fahrrad","noun","transport","new","0","0","0","0","","","A1",""
"9da8630e-861e-4839-8b9b-68093b2429da","the taxi","das Taxi","noun","transport","new","0","0","0","0","","","A1",""
"a488fc90-6d11-45ab-83eb-aab66c62f7bd","the ticket","die Fahrkarte","noun","transport","new","0","0","0","0","","","A1",""
"532a3b6e-f4f7-41cd-a076-cb61e48ef844","to walk","laufen","verb","transport","new","0","0","0","0","","","A1",""
"d1a3acfa-6938-459d-9809-65200070aed7","left","links","adverb","transport","new","0","0","0","0","","","A1",""
"2694256a-ba0b-490d-a03e-08de115c0e7f","right","rechts","adverb","transport","new","0","0","0","0","","","A1",""
"c1b88301-14cf-4e57-bc88-28a5c47c8e0a","sick","krank","adjective","gesundheit","new","0","0","0","0","","","A1",""
"f4aee1c2-c645-4c40-89b9-279179c0b5ab","the ticket","das Ticket","noun","alltag","learning","2","4","1","0","2026-07-17","correct","B1","From Story Mode: Anruf beim Kundenservice"
"6e949806-dfb2-4195-9218-12fab87f22f2","technical team","die Technik","noun","alltag","learning","2","5","1","1","2026-07-17","correct","B1","From Story Mode: Anruf beim Kundenservice"
"536a9d13-6862-4eb4-a7a1-f01c46678bfb","the waiter","der Kellner","noun","freizeit","learning","1","3","1","0","2026-06-17","correct","A2","From Story Mode: Die Reservierung im Restaurant"
"17abc5f1-c3e7-43d4-9f25-af4a46f6e898","wrong","falsch","adjective","freizeit","learning","0","1","0","0","2026-06-11","correct","A2","From Story Mode: Die Reservierung im Restaurant"
"36b9ac02-ce37-48cc-83ff-7e7a5868e705","training times","die Trainingszeiten","noun","freizeit","new","0","0","0","0","","","B1","From Story Mode: Der erste Abend im Verein"
"95dd10e1-4bd2-4e5b-bab0-48d779da606f","to introduce oneself","sich vorstellen","verb","freizeit","new","0","0","0","0","","","B1","From Story Mode: Der erste Abend im Verein"
"cff6e0b5-7e13-4ac0-9aef-d54c686c3922","the member","das Mitglied","noun","freizeit","new","0","0","0","0","","","B1","From Story Mode: Der erste Abend im Verein"
"8eeb7a72-093c-4052-a4dd-a225a5cb4192","the bank card","die Bankkarte","noun","alltag","learning","0","1","0","0","2026-06-15","correct","A2","From Story Mode: Die Bankkarte funktioniert nicht"
"0ec00946-dd96-4030-9d7e-04e14bc1376b","to work","funktionieren","verb","alltag","learning","0","1","0","0","2026-06-15","correct","A2","From Story Mode: Die Bankkarte funktioniert nicht"
"28a2bce2-0961-4bea-b23e-6cab5b43bfca","to try","probieren","verb","alltag","learning","0","1","0","0","2026-06-15","correct","A2","From Story Mode: Die Bankkarte funktioniert nicht"
"abec22ee-0476-479f-923c-5a26e305ca6b","cash","bar","adverb","alltag","mastered","3","1","0","0","2026-06-15","correct","A2","From Story Mode: Die Bankkarte funktioniert nicht"
"824e5f69-7eb8-479a-a992-7d89b2d90cce","the stairwell","das Treppenhaus","noun","alltag","learning","0","1","0","0","2026-06-15","correct","A2","From Story Mode: Das Paket beim Nachbarn"
"56296972-bfe9-49a4-bf49-ae43f1d73989","to ring the bell","klingeln","verb","alltag","learning","0","1","0","0","2026-06-15","correct","A2","From Story Mode: Das Paket beim Nachbarn"
"8bb1cca7-6e2b-4842-89c5-6987e519de90","friendly","freundlich","adjective","alltag","mastered","3","1","0","0","2026-06-15","correct","A2","From Story Mode: Das Paket beim Nachbarn"
"6ce5da7e-2d91-4dca-92c5-d1c6fc10ef64","the sugar","der Zucker","noun","freizeit","learning","0","1","0","0","2026-06-16","correct","A1","From Story Mode: Zucker im Café"
"befbd1e2-b6ac-46d6-87e4-ef738b56389e","the waitress","die Kellnerin","noun","freizeit","learning","0","1","0","0","2026-06-16","correct","A1","From Story Mode: Zucker im Café"
"7c98a6ed-e20d-4372-914b-666bbc416a10","better","besser","adjective","freizeit","mastered","3","1","0","0","2026-06-16","correct","A1","From Story Mode: Zucker im Café"
"00e7222d-2106-40a1-a864-ca0f46e2e032","to ask for","fragen nach","phrase","freizeit","learning","0","1","0","0","2026-06-16","correct","A1","From Story Mode: Zucker im Café"
"9634a41b-15e4-4611-bb4e-2b9b8a098c2d","the hairdresser","der Friseur","noun","alltag","new","0","0","0","0","","","A2","From Story Mode: Beim Friseur"
"9617ecca-59a6-4a54-bb56-f4cb1b0f37b0","the ends","die Spitzen","noun","alltag","new","0","0","0","0","","","A2","From Story Mode: Beim Friseur"
"2a156c1f-a05c-4685-89a9-4fcc992d3263","the cut","der Schnitt","noun","alltag","new","0","0","0","0","","","A2","From Story Mode: Beim Friseur"
"45cde10b-f901-4c10-8173-3464440a9f2f","the dessert","der Nachtisch","noun","freizeit","learning","0","1","0","0","2026-06-17","correct","A2","From Story Mode: Ein Abendessen bei Freunden"
"54918942-92c1-426d-acb6-5304a882b13c","to taste good","schmecken","verb","freizeit","learning","0","1","0","0","2026-06-17","correct","A2","From Story Mode: Ein Abendessen bei Freunden"
"75befe1e-d152-4e42-a7f9-ae1c0b19ae42","the library","die Bibliothek","noun","freizeit","learning","0","1","0","0","2026-07-08","correct","A2","From Story Mode: Ein Buch ausleihen"
"3dd80cdc-ca5f-453c-b481-d9cc292944fd","to borrow","ausleihen","verb","freizeit","learning","0","1","0","0","2026-07-08","correct","A2","From Story Mode: Ein Buch ausleihen"
"ea65ff77-b924-4a32-82fd-d98b012dea8c","the library card","der Bibliotheksausweis","noun","freizeit","learning","0","1","0","0","2026-07-08","correct","A2","From Story Mode: Ein Buch ausleihen"
"5c9e8862-fb5f-437d-b939-ba91a83f7c99","the novel","der Roman","noun","freizeit","learning","0","1","0","0","2026-07-08","correct","A2","From Story Mode: Ein Buch ausleihen"
"f5be3253-d92e-42c0-a2b4-961a179a21a0","utility bill","die Nebenkostenabrechnung","noun","alltag","learning","2","6","1","1","2026-07-21","correct","B1","From Story Mode: Die Nebenkostenabrechnung"
"724ee25b-25fb-48b2-949a-18acf253f18b","higher","höher","adjective","alltag","learning","1","2","0","0","2026-07-17","correct","B1","From Story Mode: Die Nebenkostenabrechnung"
"2e359434-9165-47a6-9115-3ab683d6fd56","factual","sachlich","adjective","alltag","mastered","3","6","2","0","2026-07-21","correct","B1","From Story Mode: Die Nebenkostenabrechnung"
"753bb513-4eea-488e-86c4-48672c70b822","property management","die Hausverwaltung","noun","alltag","learning","2","4","1","0","2026-07-21","correct","B1","From Story Mode: Die Nebenkostenabrechnung"
"879e14fb-7231-4101-9699-dd0cf56caea7","the desk","der Schreibtisch","noun","alltag","learning","2","4","1","0","2026-07-21","correct","B1","From Story Mode: Die verspätete Lieferung"
"79bd535b-a058-4130-b0e8-e53c89badaa3","the retailer","der Händler","noun","alltag","learning","2","4","1","0","2026-07-21","correct","B1","From Story Mode: Die verspätete Lieferung"
"2466a180-15e8-41d1-a6c3-e1c591c23170","follow-up question","die Nachfrage","noun","alltag","learning","1","3","0","1","2026-07-19","correct","B1","From Story Mode: Die verspätete Lieferung"
"15d793f1-7ed5-43b5-ab57-e38d86cc86e5","delivery date","der Liefertermin","noun","alltag","learning","2","4","1","0","2026-07-21","correct","B1","From Story Mode: Die verspätete Lieferung"
"8d8a401d-167a-4d88-8ac0-94d263b3baed","the boss","die Chefin","noun","arbeit","mastered","3","1","0","0","2026-06-18","correct","A2","From Story Mode: Krankmeldung am Morgen"
"e1a2ac2c-4497-4aa3-8c4f-7a27ffe97f1a","to call","anrufen","verb","arbeit","learning","0","1","0","0","2026-06-18","correct","A2","From Story Mode: Krankmeldung am Morgen"
"403d9a53-5ed5-41b7-82ba-48efdc2d6b27","cannot","kann nicht","phrase","arbeit","learning","0","1","0","0","2026-06-18","correct","A2","From Story Mode: Krankmeldung am Morgen"
"3aea6c64-0a22-47b1-8b75-24ff1ef31efc","the strength","die Stärke","noun","arbeit","learning","2","4","1","0","2026-07-21","correct","B1","From Story Mode: Das Vorstellungsgespräch"
"1ee53ca7-0889-4e19-aee0-6efe3e179adb","the laundry room","der Waschraum","noun","haushalt","learning","0","1","0","0","2026-06-20","correct","A2","From Story Mode: Die Waschmaschine ist besetzt"
"9075859d-86a8-4b15-b7a5-b0dc763e0d3c","occupied","besetzt","adjective","haushalt","learning","0","1","0","0","2026-06-20","correct","A2","From Story Mode: Die Waschmaschine ist besetzt"
"09965ab5-7954-4e99-98b0-b3478d515032","the headphones","der Kopfhörer","noun","alltag","learning","1","3","0","1","2026-07-19","correct","B1","From Story Mode: Eine ruhige Beschwerde"
"46b504bb-4cac-41fc-9c70-8adfc63a74aa","electronics store","der Elektronikladen","noun","alltag","mastered","3","9","4","1","2026-07-20","correct","B1","From Story Mode: Eine ruhige Beschwerde"
"58136d5c-77b8-4d99-86ad-a396872f0f57","off","aus","adjective","haushalt","mastered","4","4","0","0","2026-07-09","correct","B1","From Context Drill: In der Wohnung ist die Heizung ___."
"5f6efeaf-12b6-46f6-9975-2d03e21ad669","repaired","repariert","adjective","haushalt","mastered","4","4","0","0","2026-07-09","correct","B1","From Context Drill: In der Wohnung ist die Heizung ___."
"b0f57c9e-96b8-4c4e-bdaf-4618d8c1c45a","transfer","überweisen","verb","alltag","mastered","6","6","0","0","2026-07-09","correct","B1","From Context Drill: Die Rechnung muss ich noch ___."
"df517898-dad9-4e60-af73-f4abdc2122e9","filled out","ausgefüllt","phrase","behörden","mastered","3","3","0","0","2026-07-09","correct","B1","From Context Drill: Das Formular ist noch nicht ___."
"433d5e38-1b45-4470-9ed5-17da03ec1811","experience","Erfahrung","adjective","arbeit","mastered","3","4","0","0","2026-07-09","correct","B1","From Context Drill: Für diese Stelle braucht man ___."
"9129b59b-ec87-48ff-9d7e-482bb8121e1f","reliability","Zuverlässigkeit","adjective","arbeit","mastered","3","4","0","0","2026-07-09","correct","B1","From Context Drill: Für diese Stelle braucht man ___."
"8681b08e-583f-4b57-b5f0-f15c9a3fbd44","a skill","eine Fähigkeit","phrase","arbeit","mastered","3","4","0","0","2026-07-09","correct","B1","From Context Drill: Für diese Stelle braucht man ___."
"3c0a58ca-fb16-48f4-a068-58656876bf0d","delay","Verspätung","adjective","transport","learning","2","4","0","0","2026-07-09","correct","B1","From Context Drill: Der Zug hat heute ___."
"40cfd902-fec9-4a88-a993-ea4ee9da7bd9","a disruption","eine Störung","phrase","transport","mastered","3","9","2","1","2026-07-16","correct","B1","From Context Drill: Der Zug hat heute ___."
"08eac4ef-3d26-4818-9cfb-a393bf2818dc","arrange","vereinbaren","verb","alltag","learning","2","2","0","0","2026-07-09","correct","A2","From Context Drill: Ich muss den Termin ___."
"9f7e61bf-d273-46a7-9134-209f82965930","fever","Fieber","adjective","gesundheit","learning","2","2","0","0","2026-07-09","correct","A2","From Context Drill: Ich habe seit gestern ___."
"93c90e1f-3e22-40c5-9437-fb2fdfbe85af","pain","Schmerzen","verb","gesundheit","learning","2","2","0","0","2026-07-09","correct","A2","From Context Drill: Ich habe seit gestern ___."
"ef5d3662-c6e0-4cab-8c5e-79997988a397","moving box","der Umzugskarton","noun","alltag","learning","2","6","0","3","2026-07-17","correct","B1","From Story Mode: Kisten vor dem Umzug"
"d97dfb0d-0d1b-4643-843a-7710a8f21abb","kitchen utensils","die Küchenutensilien","noun","alltag","learning","2","4","1","0","2026-07-12","correct","B1","From Story Mode: Kisten vor dem Umzug"
"7d00c4d4-33c6-42e4-be4d-44bd8f5d1721","to label","beschriften","verb","alltag","mastered","3","10","2","0","2026-07-21","correct","B1","From Story Mode: Kisten vor dem Umzug"
"9799782e-23a1-4c04-bb7a-93e68ed52141","clearer","deutlicher","adjective","alltag","mastered","3","8","3","0","2026-07-21","correct","B1","From Story Mode: Kisten vor dem Umzug"
"63cbd248-8a32-4218-b01b-f8234d3a9d51","the cup","die Tasse","noun","alltag","learning","0","1","0","0","2026-06-27","correct","B1","From Story Mode: Kisten vor dem Umzug"
"fbb2531d-ea5c-474b-a31b-112107204ca6","the contents","der Inhalt","noun","alltag","learning","2","5","1","1","2026-07-13","correct","B1","From Story Mode: Im Fundbüro"
"5f78bbfd-5dd5-4dcd-8b75-d42ef4ca380f","the health insurance card","die Gesundheitskarte","noun","gesundheit","learning","0","1","0","0","2026-06-29","correct","B1","From Story Mode: Die Überweisung zum Facharzt"
"a77240c3-c0d8-4048-abb8-a4b74a5fe248","the sweater","der Pullover","noun","alltag","learning","0","1","0","0","2026-06-29","correct","A2","From Story Mode: Die Rückgabe im Laden"
"2275158a-4805-4c89-8331-c78e2b717f40","too small","zu klein","adjective","alltag","learning","0","1","0","0","2026-06-29","correct","A2","From Story Mode: Die Rückgabe im Laden"
"45776885-e6f0-4665-ad91-b0bf16b39ff6","digital prescription","das digitale Rezept","noun","gesundheit","new","0","0","0","0","","","B1","From Story Mode: Das digitale Rezept"
"769566d9-b21c-479f-a75d-ba2b100930c6","the system","das System","noun","gesundheit","new","0","0","0","0","","","B1","From Story Mode: Das digitale Rezept"
"ebba354a-d259-4319-921f-1174e2fedad6","to appear","erscheinen","verb","gesundheit","new","0","0","0","0","","","B1","From Story Mode: Das digitale Rezept"
"cba6a3a7-42e2-4708-bbd1-2fb0c3ae8f5e","briefly","kurz","adverb","gesundheit","new","0","0","0","0","","","B1","From Story Mode: Das digitale Rezept"
"64c44fa4-8002-4690-8894-95ab72d407d1","the daycare","die Kita","noun","alltag","learning","0","1","0","0","2026-06-30","correct","A2","From Story Mode: Eine E-Mail von der Kita"
"1ca8df15-32d6-4647-9977-e42454abaaee","the educator","die Erzieherin","noun","alltag","learning","0","1","0","0","2026-06-30","correct","A2","From Story Mode: Eine E-Mail von der Kita"
"2150537a-57ca-489b-a426-4ed22c7a22ec","the list","die Liste","noun","alltag","learning","0","1","0","0","2026-06-30","correct","A2","From Story Mode: Eine E-Mail von der Kita"
"0a365f47-8c2a-4a51-af16-8347f7f43279","to hand in","abgeben","verb","alltag","learning","0","1","0","0","2026-06-30","correct","A2","From Story Mode: Eine E-Mail von der Kita"
"6fd925c8-9225-47e8-8abd-d7084ed3585d","to pack","einpacken","verb","freizeit","new","0","0","0","0","","","A2","From Story Mode: Der Rucksack für den Ausflug"
"aa07d18c-03e8-47a9-a7a9-8f44b6df59c7","glad","froh","adjective","freizeit","new","0","0","0","0","","","A2","From Story Mode: Der Rucksack für den Ausflug"
"44f4bdaf-1064-4bfc-8410-06fc8fee8c51","the rejection","die Absage","noun","arbeit","new","0","0","0","0","","","B2","From Story Mode: Eine Absage nach der Bewerbung"
"a66e9f25-c4f3-4dcd-8327-8b2deb56ac0d","the recruiter","die Recruiterin","noun","arbeit","new","0","0","0","0","","","B2","From Story Mode: Eine Absage nach der Bewerbung"
"b4946180-890e-44bd-8a7d-f08e41f2cdc9","helpful","hilfreich","adjective","arbeit","new","0","0","0","0","","","B2","From Story Mode: Eine Absage nach der Bewerbung"
"2a3fba5d-71ed-42fe-be39-6b564e9d9515","the seat","der Platz","noun","freizeit","new","0","0","0","0","","","A1","From Story Mode: Der Platz im Kino"
"acfe6df0-e469-4514-a610-75afc8895526","the row","die Reihe","noun","freizeit","new","0","0","0","0","","","A1","From Story Mode: Der Platz im Kino"
"79326f12-56c6-46ae-b034-7de0f8b66c17","on time","rechtzeitig","adverb","freizeit","new","0","0","0","0","","","A1","From Story Mode: Der Platz im Kino"
"b0944d29-3840-4f91-8c44-617d69306eea","the account number","die Kontonummer","noun","alltag","learning","1","2","0","0","2026-07-13","correct","B1","From Story Mode: Die falsche Überweisung"
"7008036c-fe1d-433e-a2dd-dec390c6f552","to check","überprüfen","verb","alltag","learning","1","2","0","0","2026-07-13","correct","B1","From Story Mode: Die falsche Überweisung"
"9d23a740-fff8-4493-804c-e7d55a878ff0","to correct","korrigieren","verb","alltag","learning","1","2","0","0","2026-07-13","correct","B1","From Story Mode: Die falsche Überweisung"
"65503bc4-bbc9-4654-adec-84bb00cf562e","cheaper","günstiger","adjective","alltag","learning","0","2","0","0","2026-07-13","correct","A2","From Story Mode: Der neue Handyvertrag"
"b5325416-ec31-402d-a33e-6834425d121d","the flea market","der Flohmarkt","noun","freizeit","learning","0","1","0","0","2026-07-13","correct","A2","From Story Mode: Ein Tisch auf dem Flohmarkt"
"3974826f-b7f0-490b-92ec-25bc1fd9452a","the price tag","das Preisschild","noun","freizeit","learning","0","1","0","0","2026-07-13","correct","A2","From Story Mode: Ein Tisch auf dem Flohmarkt"
"4a133e41-1dd1-4e2a-8234-881b490adedd","to negotiate","handeln","verb","freizeit","learning","0","1","0","0","2026-07-13","correct","A2","From Story Mode: Ein Tisch auf dem Flohmarkt"
"b7374e94-6617-418e-96b4-ff118652bdc6","the supervisor","die Vorgesetzte","noun","arbeit","learning","0","1","0","0","2026-07-16","correct","B1","From Story Mode: Flexible Arbeitszeit"
"34202c91-62d7-4377-a90b-1fa9c35d4ab1","earlier","früher","adverb","arbeit","learning","0","1","0","0","2026-07-16","correct","B1","From Story Mode: Flexible Arbeitszeit"
"701e7f63-c3be-4d28-adbb-f9f483102d2c","the task list","die Aufgabenliste","noun","arbeit","learning","0","1","0","0","2026-07-18","correct","B1","From Story Mode: Freitag ist Fristtag"
"6131883e-d902-4459-b5f9-b86fac9b1057","to prioritize","priorisieren","verb","arbeit","learning","0","1","0","0","2026-07-18","correct","B1","From Story Mode: Freitag ist Fristtag"
"bd61216f-622f-4ba1-b5c2-5f5b2cf3d9ff","the update","das Update","noun","arbeit","learning","0","1","0","0","2026-07-18","correct","B1","From Story Mode: Freitag ist Fristtag"